NOM MENU;CODINT_0
Menu général;GENE
Traductions;ATRAD
Documentation;ATDOC
Fonctions;ATFCT
Traduction menus locaux;ALOCTRAD
Traduction processus;APRTRAD
Textes à traduire;ATXTTRAD
Traduction des libellés;FUNTRATXI
Traduction textes;GESATR
Outils;ATTLS
Export messages;AEXPATD
Export textes;AEXPATR
Génération textes;AGENREFAML
Génération réf. croisées;AGENREFTXT
Import messages;AIMPATD
Import textes;AIMPATR
Génération des libellés;ALANG
Recherche texte;ARECTXTTRD
Textes-Aplstd non traduits;ATXNOTRANS
Exceptions (traduction);GESAEX
Traduction écrans;GESAMD
Traduction tables;GESATT
Logiciel;ATPRD
Extraction documentation;ADOCEXT
Import documentation;ADOCIMP
Plan de travail documentation;ADOCTRA
Développement;GDEV
Synchronisation des textes;ATXTSRVSYNC
Utilitaires;GUTIL
Maintenances;UTI0
En lignes;GMAINT
En colonnes;GSTDCOL
Vérifications;UTI1
Analyse mémos;ANAMEMO
Vérification des sources;AVERIFSRC
Base de données;UTI1B
Etat des tables;ETAFIC
Recherche index;SQLDICO
Processus;TRTPRO
Propriétés;TRTPROP
Statistiques;TRTSTA
Données;UTI1D
Cohérences;UTIBASE
Dépendances;UTIDEP
Surveillances;UTI1S
Services;ADXD
Utilisateurs;PSADX
Verrous;UTI1V
Traitements verrouillés;LCKSRC
Symboles verrouillés;VERSYMB
Dictionnaire;UTI2
Mise à jour menus locaux;GENMENULOC
Génération transactions;GENMSKTRT
Synchronisation des fenêtres;SYNCHDICO
Archives;UTI2A
Génération de l'archive;ARCHGENTRT
Archive traitements;ARCHTRT
Copies;UTI2C
Dictionnaire;ACOPDIC
Copie élément client;ACOPELT
Fichiers;ACOPFIC
Codes postaux;ACOPPOS
Transactions;ACOPTRS
Législations;ADOSCOPDAT
Etats;COPRPT
Traitements;COPTRT
Analyseurs de différences;UTI2D
Objets;ACOMPOBJ
Arguments sous-programmes;ADIFSUB
Validations;UTI2V
Recodification processus;ARECOPRO
Profils fonction site;AVALAFC
Dictionnaire;VALDICO
Menus;VALMENU
Dossiers;UTI3
Initialisation textes traduisibles;AINITEXTRA
MAJ des utilisateurs nommés;ARECAUO
Changement de dossier;CHDOS
Création dossier historisé;CREHISTO
Déverrouillage dossier;DEVERROU
Import dossier;IMPDOS
Mode mono;MONO
Mode multi;MULTI
Remise à zéro dossier;RAZDOS
Verrouillage dossier;VERROU
Recherches;UTI4
Icônes;AICONE
Menu;ARECHMEN
Recherche rapide traitements;ARECSRC
Texte (avancée);ASEAAPL
Code d'accès;RECHACC
Action;RECHACI
Code activité;RECHACT
Divers;RECHADC
Champ;RECHAMZ
Message;RECHMESS
Texte;RECHTXT
Type de données;RECHTYP
Extraction/Intégration;UTI5
Extraction données;DOSEXTRA
Intégration données;DOSINTEG
Divers;UTI6
Changement de clé en masse;ACHANGE
Copie valeurs paramètres;ACOPADO
Activation des liaisons;ACTIVLNK
Suppressions;ADELETE
Trace pour le support;ALOGSUP
Gestion du portail;AMAINTPORT
Transactions système;AMIEXE
Envoi statistiques licence;AUSRSTA
Conversion UTF8;CNVUTF8
Exécution traitements;EXETRT
Mise à jour textes traduisibles;GENTXTTRA
Paramétrage changement de clé;GESACG
Pool Java Bridge;GESAPB
Pool de services web;GESAPW
Valeurs des compteurs;MODCPT
Resynchronisation des liaisons;RECUPLNK
Synchronisation des textes;SYNCHTXT
Ordres système;SYSTEME
Patchs;UTI7
Copie paramétrage;ACOPAPH
Création de patchs;APATCH
Création automatique de patchs;APATCHA
Modèle de paramétrage;GESAPH
Consultation de patchs;GESAPT
Intégration de patchs;PATCH
Test de patchs;PATCHT
Migration depuis 130;UTI8
Textes;RECTXTUTI
Pièces jointes et images;RECOBJTXT
Tables comptables;UTI9
Suppression comptes en masse;GACCDEL
Duplication comptes en masse;GACCDUP
Euro;EURO
Safe X3 WAS;AYT
Utilitaires;AYT1
Duplication de site web;AYTFCYCOP
Suppression site Web;AYTFCYDEL
Validation site Web;AYTFCYGEN
Gestion design/archive;AYTFCYTAR
Copie service web;AYTWSRGES
Cas d'emploi;CONSAYU
Paramétrage avancé;GESAYU
Génération liste de valeurs;PRHBATCH
Visualisation site web;VISUAYS
Fonctions;AYTF
Document Html;GESAYY
Formulaire;GESAYZ
Tokens;AYTK
Blocs;GESAYB
Champs;GESAYF
Pages Web;GESAYG
Liens dynamiques;GESAYL
Blocs conditionnés;GESAYW
Lien SAFE X3;AYTL
Action Web;GESAYA
Entité;GESAYE
Interface;GESAYI
Paramétrage;AYTP
Liste de valeurs;GESAYC
Message Web;GESAYM
Sites Web;AYTS
Sélection site courant;AYTCHGFCYW
Profils site Web;GESAYD
Sites Web;GESAYS
Tests;AYTT
Test site Web;GESAYT
Dictionnaire données;GDON
Vues;GESAVW
Classes;GSTR
Synchronisation des liens;AGENASWLNK
Validation classes systèmes;AGENCLATECH
Migration objet;AMIGSYR
Classes;GESACLA
Représentations;GESASW
Tables;GTAB
Eléments de dimensionnement;GESADM
Formules de dimensionnement;GESAFO
Tables;GESATB
Types de données;GESATY
Menus locaux - Messages;TXT
Tables diverses;GTAD
Données;GESADI
Définition;GESADV
Codification;GCOD
Abréviations;GESAAB
Rubriques;GESACO
Mémos;GESAMM
Documentation;GDOC
Liens de documentation;GESADF
Documentation;GESADO
Documentation sur champs;GESADZ
Mots-clés d'aide;GESAMC
Ouverture au paramétrage;GDOP
Variables de type compteur;GESACM
Constantes;GESACST
Contexte;GESACTX
Codes activité;GESACV
Définition paramètres;GESADP
Variables globales;GESAGB
Historisation / Epuration;GESAHI
Content type;GESATYP
Contexte assistant de formules;GESAVR
Modèles de données;GESAWM
Portail interactif;GPORT
Création archive flash;ARCHFLASH
Paramètres portail;GESAPP
Familles gadgets;GESATP
Dictionnaire scripts;GTRT
Consultations;GESACN
Fonctions;GESAFC
Transactions de mise à jour;GESAMI
Navigation;GESANG
Objets;GESAOB
Etats;GESARP
Etats ZPL;GESARZ
Types de transactions;GESATN
Fenêtres;GESAWI
Actions;GTRA
Paramètres actions;GESAAR
Actions;GESACT
Ecrans;GTRE
Ecrans;GESAMK
Composants graphiques;GESASB
Composants écran;GESAUR
Scripts;GTRR
Editeur scripts;ADOTRT
Dictionnaire scripts;GESADC
Points d'entrée;GESAPE
Sous-programmes;GESASU
Services web;GESAWE
Tests unitaires;GUNIT
Récupération données stables;ATSTREC
Sauvegarde données stables;ATSTSAV
Données de base;MDBA
Contrôle de gestion;MCDBA
Sections de valorisation;GESMWC
Catégories frais généraux;GESONA
Codes frais généraux;GESOVE
Configurateur;MCFGM
Configurateur;FUNCFG
Automate configurateur;FUNCFGAUT
Purge des configurations;FUNCFGPUR
Sélections;FUNCFGS
Historique des configurations;GESCFH
Tables diverses;FONADI
Affaires;MCTA
Catégories de tâches;GESCTA
Nature de dépense;GESPJCC
Nomenclatures;MDBOM
Impression nomenclatures;BOMPRN
Calcul besoin composants;BOMRET
Copie nomenclatures;COPYNOMEN
Nomenclatures commerciales;GESBODC
Nomenclatures production;GESBODP
Nomenclatures sous-traitance;GESBODS
Alternatives nomenclature;GESTBO
Nomenclatures multi niveaux;VISUBOMG
Recette;VISUBOMROU
Cas d'emploi;MCAS
Composants;CASNOMENP
Services;CASNOMENS
Codes plus bas niveau;MDBLC
Consultation;CONSLLC
Resynchronisation;SYNCLLC
Remplacement;MREMP
Composants;REMPLCOMP
Services;REMPLSRV
Suppression;MSUPP
Composants;SUPPRCOMP
Services;SUPPRSRV
Tiers;MDBPR
Prestataires d'honoraires;GESPRV
Factors;GESFCT
Recherche Client;FUNCUSSEA
Catégories clients;GESBCG
Clients;GESBPC
Prospects;GESBPP
Tiers;GESBPR
Fournisseurs;GESBPS
Transporteurs;GESBPT
Catégories fournisseurs;GESBSG
Représentants;GESREP
Leads;GESLDS
Utilitaires;MDBPU
Revalidation ID TVA intracom;EVCBAT
Validation adresse;FUNADRVAL
Contrôle tiers inter-site;FUNCTLBPR
Tables comptables;MDCPT
Exercices;GESFIY
Périodes;GESPER
Analytique;MDCAN
Unités d'œuvre;CCEUOM
Groupes de répartitions;GESGSP
Codes interdiction;GESCAZ
Sections;GESCCE
Groupes de sections;GESCRY
Pyramides de sections;GESCYM
Répartitions a priori;GESDSP
Générale;MDCGE
Schémas de comptes;GESGDA
Groupes de collectif;GESGSC
Journaux comptables;GESJOU
Comptes;GESGAC
Groupes de comptes;GESGRY
Pyramides de comptes;GESGYM
Mappage comptes inter-sociétés;GESTCI
Articles;MDITM
Articles - Dépôts;GESITW
Articles - Sites;GESITF
Catégories articles;GESITG
Articles;GESITM
Articles - Coûts;MDITC
Consultation coûts standards;FUNITC
Coûts standards actualisés;GESICA
Coûts standards budget;GESICB
Coûts standards;GESICD
Coûts standards simulés;GESICS
Utilitaires;MDITU
Création article-site;CREITFMA
Changement catégorie;FUNCHGITG
;ZPJAJITM
NULL;ZMAJARTEMB
;ZPJRPLITM
Tables tiers;MDRBP
Familles stat client;DIVTSC
Familles stat fournisseur;DIVTSS
Conditions de facturation;GESINVCND
Mandats de prélèvement;GESMDT
Modes de règlement;GESTAM
Escomptes/Agios;GESTDA
Modèles d'édition;GESTPM
Conditions paiement;GESTPT
Règles d'arrondi;GESTRN
Périodes d'indisponibilité;GESTUV
Clôture mandat;MDTCLS
Validation mandats;VALMDT
Tables production;MDRGP
Rebuts;GESTSR
Gestion des habilitations;XX1JHGESHAB
Equipes;GESTEM
Messages;GESTMS
Tables articles;MDRIT
Emplacements;GESLOC
Types emplacements;GESTLO
Coeff. stock sécurité;GESTSA
Dépôts;GESWRH
Familles stat. article;DIVTSI
Attributs lignes de produits;FUNTLPATT
Saisonnalités;GESSES
Lignes de produits;GESTLP
Emballages;GESTPA
Politiques de réapprovisionnement;GESTRP
Statuts stock;GESTST
Fiches qualité;MMQLY
Fiches techniques;GESQLC
Questions;GESQST
Réponses;GESTCT
Tables logistiques;MDRLO
Codes préparation;GESPCO
Charges;GESFCS
Incoterms;GESICT
Structures de coûts;GESSTC
Frais d'approche - site;GESSTCITF
Modes livraison;GESTMD
Motifs;MOTIF
Solde;DIVCCL
Avoirs;DIVAVO
Retours;DIVRET
Données Safe X3 WAS;MDWAS
Utilisateurs Safe X3 WAS;GESTAU
Panier d'achat;GESTBA
Articles Safe X3 WAS;GESTIT
Note de transport;MTRSN
Validation note de transport;FUNCFMTNH
Note de transport;GESTNH
Type note transport;GESTTN
Tables immobilisations;MDFAS
Eclatement - Clés ventilation;GESBRD
Coeff. et indices réévaluation;GESCOE
Familles immobilisation;GESFAM
Définition des flux comptables;GESFLU
Associations - valeurs;GESRVA
Secteurs d'activité;GESSEA
Relation client;MCAD
Régénérations;MUTI
Clients internes;FUNINTBPC
Statistiques sur compétences;FUNPBLGEN
Débits de points;FUNPITGEN
Critères de ciblages;FUNMGGGEN
Action commerciale;MACA
Affectation secteurs marché;FUNMST6
Consultation des secteurs;FUNMST7
Gestion des hors-secteurs;FUNMST8
Affectation piste;FUNSPT6
Correspondants;GESCOR
Secteurs de marché;GESMST
Réservations de ressources;GESRRS
Ressources;GESRSE
Secteurs lead;GESSPT
Marketing;MMKA
Articles concurrents;GESCCC
Etat mailing;GESOMR
Déroulement scripts d'appel;GESSCP
Support client;MHDA
Modèles de contrat de service;GESCOT
Coupons de garantie;GESFLY
Articles pour horodatage;GESHOI
Familles de compétences;GESPBL
Débits de points;GESPDB
Queues;GESQUE
Historique des indices;FUNCON6
Texte e-mails CRM;GESHTMMAI
Tables communes;MDRCO
Cours devises;COURDEV
Banques (guichets);GESABN
Interlocuteurs;GESAIN
Liens subdivisions;GESALB
Subdivisions géographiques;GESATU
Codes postaux;GESPOS
Conversions d'unités;GESTCO
Devises;GESTCU
Pays;GESTCY
Langues;GESTLA
Unités;GESTUN
Code fret de marchandises;GESFCC
Classe de fret;GESFRT
Catégorie note;GESNTG
Taxes;MTAXE
Régime de taxe du tiers;GESTVB
Détermination taxes;GESTVC
Niveau de taxe;GESTVI
Taux de taxe;GESTVT
Tables comptabilité tiers;MDTRS
Groupes de devises;GESGCU
Comptes en banque;GESBAN
Groupe bancaire;GESBGR
Caisses;GESCAI
Chèques;GESCHB
Pools bancaires;GESPOO
Paramétrage;MENV
Relation client;MPRC
Action commerciale;MPACA
Schémas horaires;GESDIHCRM
Schémas hebdomadaires;GESTWDCRM
Ciblage avancé;MPMKA
Ciblages;FUNMGG
Exécutions groupées;FUNMGG4
Critères de ciblage;GESFID
Supports de sélection;GESSSP
Cibles;GESTGL
Supports de présentation;GESTGP
Marketing;MPMKG
Publipostages XML;GESMXL
Synchronisation Outlook;MPSYN
Données synchronisation;FUNSYD
Forçage synchronisation;FUNSYD6
Gestion des anomalies;FUNSYL
Paramètres de synchronisation;GESSYP
Transactions de saisie;MPTRS
Parc client;GESCMA
Agenda support client;GESCMD
Interventions;GESCMI
Demandes de service;GESCMS
Agenda action commerciale;GESCBA
Support client;MPHDK
Unités de temps;FUNUOT1
Escalades;GESPEC
Achats;PAPUR
Traduction textes;FUNTRAAXP
Règles rapprochement;GESMAT
Eléments de facturation;GESPFI1
Paramètres agrégation comptable;GESSWA
Types de document;PAPTY
Types de facture;GESTPV2
Types de retours;GESTPN
Tarifs;PAPUT
Activation;FUNPPCACT
Paramétrage;GESPPC
Motifs;GESPPR
Structures;GESPRS
Transactions de saisie;TRPUR
Plan de travail;GESMDLA
Planning global;GESMGLA
Plan de regroupement;GESMRLA
Appels d'offres;GESPTA
Commandes;GESPTC
Demandes d'achat;GESPTD
Ordres de sous-traitance;GESPTE
Factures/avoirs;GESPTF
Retours;GESPTN
Réceptions;GESPTR
Commandes ouvertes;GESPTT
Comptabilité;PACPT
Classes de comptes;GESCLS
Types de pièces;GESGTE
Interface comptabilité;PAINT
Comparaison pièces automatiques;CMPGAU
Codes comptables;GESCAC
Sections par défaut;GESCDE
Pièces automatiques;GESGAU
Groupes pièces automatiques;GESGRA
Paramètres des variables;GESGVA
Variables pièces automatiques;GESGVG
Tâches comptables;GESBTC
Lignes des codes comptables;GESCCL
Transactions saisie code compta;GESGCO
Resynchronisation Législation;UTILEG
Formules par législation;GESTFOLEG
Budgets;PACPA
Budgets;GESBUP
Versions de budgets;GESBUV
Répartitions temporelles;GESDTP
Transactions saisie budgets;GESTBU
Formulaires comptables;PACPG
Ecritures calculées;GESCLC
Extraction compte contrepartie;GESCSF
Répartitions a posteriori;GESDAD
Abonnements;GESGAF
Déversements;GESPDM
Tableaux de bord;GESTXS
Gestion des livrables;MEADL
Kits de paramétrage;GESADLK
Livrables;GESADLV
Structure générale;MEGEN
Intersociétés;FUNBCH
Axes par défaut;GESCDI
Plan comptable;GESCOA
Axes;GESDIE
Modèles comptables;GESGCM
Référentiels;GESLED
Groupes de sites/sociétés;GESAGF
Sociétés;GESCPY
Sites;GESFCY
Destinations;MEIMP
Destinations par utilisateur;GESAIA
Destinations;GESAIM
Règles d'archivage;GESARC
Paramètres d'archivage;GESARE
Valeurs par défaut;GESARV
Code impression;GESARX
Paramètres généraux;MEPGE
Valeurs paramètres;ADPVAL
Menus locaux;COMBOS
Tables de contrôles;GESACL
Jeux de valeurs;GESADG
Dossiers;GESADS
Propriétés objets sous-menu fichier;GESAOP
Styles de présentation;GESASY
Ecrans de consultation;GESGTC
Formules;GESTFO
Compteurs;MEPGC
Structures;GESANM
Affectation;GESTCA
Tables diverses;MEPGD
Personnalisation;ADILNG
Données;GESADI2
Personnalisation;MPERS
Vocabulaire;AVOCAB
Objets;GESAOC
Ecrans;MPERE
Affectation style conditionnel;APRSMSK
Affectation codes d'accès;CODACC
Affectation contrôles;CODCTL
Styles conditionnels;GESASL
Styles personnalisés;GESAYP
Types facture;MEPGT
Fournisseur;GESTPV
Client;GESTSV
Exploitation;METDI
Connexion à Sage sales tax;LTPAR
Serveur batch;MBACT
Paramètres serveur batch;ABATPAR
Calendrier serveur batch;GESABC
Contraintes horaires;GESABH
Impressions;MDIMP
Requêteur;GESALH
Impressions;AIMP
Requêteur SQL;GESALQ
Visualisation archive;ARCVISU
Requêteur graphique;GESALT
Interrogation GED;ARCVISUOBJ
Visualisation de requêtes;EXEALH
Visualisation groupe de requêtes;EXEALHGRP
Impressions/groupe;GIMP
Lecture traces;LECTRACE
Surveillance impressions;PSIMP
Données;MDON
Paramètres épurations;APARHIS
Optimisation base de données;GESANX
Imports/Exports;MEXP
Enchaînements;GESAEN
Paramétrage tableau/import;GESAEV
Modèles import/export;GESAOE
Transcodage Import/Export;GESAOR
Paramètres import/export;GIMPEXPPAR
Statistiques;MSTAT
Déclencheurs statistiques;GESPS1
Paramètres statistiques;GESPS2
Sage Exchange;MSEPP
Transaction carte crédit;CONSSET
Paramètres passerelle paiement;GESSER
Passerelles paiement;SEPAR
Utilisateurs;MEUSR
Codes d'accès;GESACS
Habilitation fonctionnelle;GESAFP
Profil fonction;GESAFT
Profil métier;GESAME
Annuaire;GESANU
Profil menu;GESAPN
Restrictions d'accès;GESARL
Utilisateurs;GESAUS
Profil Safe X3 WAS;GESAYH
Workflow;MEWFL
Règles Workflow;GESAWA
Règles d'affectation utilisateur;GESAWR
Utilisateurs délégués;GESAWU
Affectation utilisateur;GESAWV
Paramétrage plan de travail;GESAWW
Notifications;GESAWX
Workflow manuel;SAIWRKMAN
Portail interactif;PAPTL
Composants interactifs;GESAIT
Menu processus;GESAPO
Processus;GESAPR
Vues du portail;GESAPV
;GESAVP
4CADLINK;XX1JL
Comptabilité tiers;PATRS
Destinations comptables;GESCDA
Types prévisions de trésorerie;GESCFT
Paramétrage saisie factures tiers;GESIDP
Code édition;GESTED
Transactions saisie règlements;GESTPY
Paramètres virements commerciaux;PAEDI
Formules;GESEDM
Paramétrage messages;GESEDP
Segments;GESEDS
Ecrans;PECR
Situation tiers;GESGBS
Balance âgée à date;GESGBSH
Gestion échéances;GESGDS
Campagnes de relances;GESGFP
Notes de frais;PEXS
Indemnités kilométriques;GESEXM
Codes frais;GESTES
Fichiers;PFIC
Fichiers bancaires;GESTFB
Relances;PREL
Groupes de relances;GESFGP
Textes de relance;GESFPT
E-commerce;ECOMM
Site de vente en ligne;ECMLINK
Ventes;PASAL
Traduction textes;FUNTRAAXS
Eléments de facturation;GESSFI1
Tarifs;PASAT
Activation;FUNSPCACT
Structures;GESPRSS
Paramétrage;GESSPC
Motifs;GESSPR
Types de document;PASTY
Types de retours;GESTRE
Types de livraisons;GESTSD
Types de commandes;GESTSO
Types de devis;GESTSQ
Types de factures;GESTSV2
Transactions de saisie;TRSAL
Avoirs;GESSLA
Commandes;GESSLC
Livraisons;GESSLD
Factures;GESSLI
Retours prêt;GESSLL
Commandes ouvertes;GESSLO
Devis;GESSLQ
Retours client;GESSLR
Retours matières sous-traitance;GESSLS
Configurateur;MCFG
Table des réponses;CFGTCT
Utilitaires configurateur;FUNCFGUTI
Valeurs par défaut;FUNDEF
Scénarios configurateur;GESCFG
Procédures;GESCFM
Options / variantes;GESCOV
Symboles configurateur;GESCQU
Sélections configurateur;GESCSE
Formes et modèles;GESCSH
Cas d'emplois configurateur;VISUCFG
Abaques;MCFGA
Simples;GESCAB
A deux entrées;GESCAD
Stocks;PASTO
Règles de gestion de stock;FUNSTORUL
Paramètres interface comptable;GESPAS
Calculs besoins;GESPCB
Paramétrage code préparation;GESPPA
Règles d'affectation;GESPTO
Paramètres stocks;GESSTE
Méthodes de valorisation;GESTCM
Règles d'allocations / sorties;GESTRU
Compteurs versions;GESICV
Types changement de stock;GESTSG
Transactions de saisie;TRSTO
Validation transactions stock;FUNSTKTRS
Assemblage/Désassemblage;GESPBY
Plans de préparation d'expéditions;GESPRE
Bons de préparation;GESPRT
Changements stock;GESSCT
Modification de lot;GESSLT
Inventaires;GESSNP
Sorties diverses;GESSOT
Colisage;GESSPK
Contrôle qualité;GESSQT
Plans de rangement;GESSRG
Plans de réapprovisionnement;GESSRO
Entrées diverses;GESSRT
Réceptions;GESPTR2
Livraisons;GESSLD2
Production;PAMFG
Schémas horaires;GESDIH
Jalonnement;GESPJA
Paramètres agrégation comptable;GESPWA
Périodes d'indisponibilité;GESTUVM
Schémas hebdomadaires;GESTWD
Transactions de saisie;TRMFG
Plan des fiches techniques;GESMCL
Ordres de fabrication;GESMFL
Plan de production;GESMIL
Plan de suivi des matières;GESMML
Plan de suivi des temps;GESMOL
Pilotage des plans de suivi;GESMPL
Plan de réintégration;GESMRE
Suivi fabrication;GESMTL
Plan de travail;GESMDL
Planning global;GESMGL
Regroupement;GESMRL
Ordres de retouche;GESXX1JPMFL
Traduction textes;FUNTRAAXX
Immobilisations;MEXFA
Contextes d'amortissements;GESCNX
Modes d'amortissement;GESDPM
Propriétés des zones libres;GESFRF
Lien dépenses-biens comptables;GESLDA
Regroupement des dépenses;GESLGT
Associations - définitions;GESRDE
Types d'écritures comptables;GESTPE
Transactions objets métiers;GESTSH
Alimentation zones libres;GESTZL
Impressions;MIMP
Superviseur;RPT01
Données de base;RPT02
Immobilisations;GIMPF
Par législation;MFRPT
Allemagne & Autriche;RPTF5
Portugal;RPTF6
Italie;RPTF7
Royaume Uni;RPTF8
France;RPTF9
Immobilisations;RPTF1
Financement;RPTF2
Gestion physique;RPTF3
Paramétrage et données de base;RPTF4
Ventes;GIMPV
Documents externes;RPT12
Documents internes;RPT13
Tarifs;RPT14
Analyse;RPT15
Listes;RPT16
Stocks;GIMPS
Inventaires;RPT25
Réapprovisionnement;RPT26
Stock à mouvementer;RPT27
Analyse;RPT28
Documents internes;RPT29
Production;GIMPP
Réapprovisionnement;RPT31
Documents de fabrication;RPT32
Données techniques;RPT33
Valorisation;RPT34
Analyse;RPT35
Achats;GIMPA
Documents externes;RPT18
Documents internes;RPT19
Tarifs;RPT20
Analyse;RPT21
Listes;RPT22
Relation client;GIMPM
Support client;RPT23
Action commerciale;RPT24
Comptabilité;GIMPC
Comptabilité générale;RPT03
Comptabilité analytique/budgétaire;RPT04
Editions légales;RPT06
Trésorerie;RPT08
Comptabilité tiers;RPT05
Suivi des échéances;RPT09
Règlements;RPT10
Relances clients;RPT11
Déclaration honoraires;RPT5M
France;RPT64
Autres;RPT68
Gestion des taxes;RPT6M
Autres;RPT60
Gestion des cases TVA;RPT6F
Achats;MPUR
Tarifs;MPTAR
Recherche tarifs;FUNACHPPSI
Saisie des tarifs;GESPPL
Approvisionnement;MPSUP
Plan de travail;FUNDBENCHA
Planning global;FUNGBENCHA
Plan de regroupement;FUNMPICKA
Demandes d'achat;MPREQ
Demandes d'achat;GESPSH
Solde demandes d'achat;MPRQS
Solde automatique;FUNPSH
Solde manuel;FUNPSH2
Appels d'offres;MPQUO
Génération lignes tarifs;FUNPPD3
Relances;FUNREL
Réponses;GESPPD
Demandes;GESPQH
Sous-traitance;MPSCO
Allocations automatiques;FUNTEOALL
Clôture/solde en série;FUNTEOCLO
Désallocations automatiques;FUNTEODESA
Ordres de sous-traitance;GESSCO
Commandes;MPORD
Solde des commandes;FUNCLEAR
Gestion des acomptes;FUNPNS
Contremarques;FUNPOHW
Commandes ouvertes;GESPOC
Demandes de livraisons;GESPOD
Commandes;GESPOH
Plan de l'acheteur;GESPOI
Visu demandes de livraisons;GESPOV
Expéditions;MSHIP
Conteneur;GESCTRH
Pré-réception des expéditions;GESPPTS
Expéditions;GESSHIP
Transport;GESTRNP
Réceptions;MPRCP
Pré-réception des commandes;GESPPTO
Réceptions;GESPTH2
Factures;MPINV
Validation des factures;FUNPIH
Factures;GESPIH
Retours;MPRET
Validation des retours;FUNPNHTRT
Bon de transport;GESBOLP
Retours d'achat;GESPNH
Consultations;MPCNS
Produits par fournisseur;CONSBPSI
Traçabilité pièces;CONSPIA
Commandes;MPCNC
Liste commandes;CONSCPO
Lignes commandes;CONSCPP
Lignes sous-traitance;CONSSSC
Commandes par période;FUNGRHPO
Demandes d'achat;MPCND
Lignes demandes d'achat;CONSCPD
Sous-traitance;MPCNE
Allocations;CONSALLA
Consommation sous-traitance;CONSSCM
Allocations en rupture;CONSSHTA
Factures;MPCNF
Liste factures;CONSCPI
Lignes factures;CONSCPJ
Factures par période;FUNGRHPI
Palmarès factures;FUNGRHPI2
Expéditions;MPCNI
Lignes d'expéditions;CONSSHIPD
Transport;CONSTRN
Réceptions;MPCNR
Liste réceptions;CONSCPR
Lignes réceptions;CONSCPS
Réceptions par période;FUNGRHPR
Retours;MPCNZ
Liste retours;CONSCPN
Lignes retours;CONSCPQ
Retours par période;FUNGRHPN
Palmarès retours;FUNGRHPN2
Utilitaires;MPUTI
Resynchronisation en-cours;FUNBPSMVT
Resynchronisation sous-traitance;FUNSCOMVT
Resynchronisation engagements;FUNUTICMM
Contrôle contrats inter-sites;FUNUTIPOC
Exploitation;MTDI
Moniteur Workflow;SAIWRKPLN
Historisation / Epuration;AHISTO
Serveur batch;DVBAT
Tâches comptables;VALPCE
Gestion des requêtes;AREQUETE
Soumission des requêtes;EXERQT
Gestion des abonnements;GESABA
Groupes de tâches;GESABG
Gestion des tâches;GESABT
Imports/Exports;DVIEX
Conversion fichiers mono-ligne;AIFIMPGENFIC
Sas import/export;GESAOW
Exports enchaînés;GEXPENCH
Exports;GEXPOBJ
Imports enchaînés;GIMPENCH
Imports;GIMPOBJ
Structuration tableau/import;IMPORTV3
Statistiques;DVSTA
Consultations;CONSSTA
Prévisions;SAISTA
Validation batch;VALSTA
Audit;MAUD
Historique des e-Signatures;CONSESR
Connexions;CONSALO
Champs;CONSAUD
Tables;CONSAUH
Ctrl. signatures électroniques;FRADSICTL
RGPD;MGDPR
Liste des données Email;AGDPRMAI
Liste des données personnelles;AGDPRPDATA
Liste des données téléphone;AGDPRPHONE
Recherche RGPD;AGDPRSEA
Contrôle société pour DPD;ALISTDPOCPY
Paramétrage RGPD;GESAGS
Migrations;MMOUL
Moniteur d'enchainement;AMOULIN
Procédures de migration;GESAM3
Migration des pièces jointes;AMIGNAMFIC
Utilisateurs;MUSER
Changement date;CHGDAT
Personnalisation;CHXPERSO
Changement mot de passe;PASSE
Connecteurs métier;MCON
Pivots;GESPIT
Prévision APS;MSCM
Prévision APS;MSCMA
Paramétrage Prévision APS;GESSZP
Lancement interface Prév. APS;SCMAINT
APS;MAPS
APS;MORO
Paramétrage APS;GESORO
Lancement interface APS;OROINT
PREACTOR;MORP
Paramétrage PREACTOR;GESORP
Lancement interface PREACTOR;ORPINT
MES;MMES
Paramétrage MES;GESMES
Lancement interface MES;MESINT
MMS;MMMS
Paramétrage MMS;GESMMS
Lancement interface MMS;MMSINT
PLM;MPLM
Paramétrage PLM;GESPLM
Lancement interface PLM;PLMINT
REACH;MRPA
Paramétrage REACH;GESRPA
Lancement interface REACH;RPAINT
4CAD GROUP;XX1J
Devis technique;XX1JT
Détermination marge;GESXX1JTXMM
Devis technique;GESXX1JTXSQ
Suivi atelier;XX1JA
Configuration Saisie des temps;GESXNC
Préparation des regroupements;GESXTL
Horaire d'équipe;X4EQUIPE
Validation auto des temps;X4TPSVAL
Décomposition codes-barres;GESX4BAD
Horaire pré-saisi sur 5 semaines;CONSXCT
Consultation saisie des temps;CNSXTP
Validation globale des temps;CONSXTG
Validation des temps;CONSXTS
Gestion des temps;GESXTP
Suspension automatique;X4AUTSSP
;X4TPSASUP
Regroupement de temps;GESXTR
Gestion de la qualité;XX1JQ
Action qualité;GESXX1JQXIA
Evènement qualité;GESXX1JQXIN
Plan d'actions;GESXX1JQXIP
Mise à jour des coûts;XX1JQMAJCOUT
Action modèle;GESXX1JQXAM
Audit;GESXX1JQXAU
Modèles de plans d'actions;GESXX1JQXPL
Consultation notes;CONSXX1JQ
Calcul notes;GESXX1JQXCN
Profil qualité;GESXX1JQXPQ
Scorecard;XX1JY
Calcul client;XX1JYOTD
Objectif client;XX1JYXOBJC
Consultation Scorecard client;CONSX1JYC
Calcul fournisseur;XX1JYOTDF
Objectif fournisseur;XX1JYXOBJ
Consultation Scorecard fournisseur;CONSX1JYF
Gestion des dérogations;XX1JD
Demandes de dérogation Clients;GESXX1JDDC
Demandes de dérogation Fourn.;GESXX1JDDF
Notifications de rejet Clients;GESXX1JDNC
Notifications de rejet Fourn.;GESXX1JDNF
Gammes de contrôle;XX1JC
Relevé de contrôle;GESXX1JCRC
Gammes de contrôle;GESXX1JCSGC
Gestion des FAI;XX1JF
FAI;GESXX1JFFAI
FAI référence;GESXX1JFFR
Gestion des moyens;XX1JM
Moyens;GESXX1JMMO
Tâches;GESXX1JMTSK
Monitoring des plans de maintenance;XX1JMPM
Unités;GESXX1JMTUN
Représentants;GESXX1JMREP
Gestion des habilitations;XX1JH
Habilitations;GESXX1JHHAB
Gestion des pièces rejetées;XX1JP
Instructions opératoires;XX1JW
4CAD Référence;XX1JJ
Comptabilité;CPTA
Consultations;CCONS
Balance en devises;CONSBAF
Balances;CONSBAL
Consultation bilan;CONSBSE
Comptes;CONSCPT
Comptes analytiques;CONSNAT
Ecritures;CONSPCE
Sections;CONSSEC
Balances analytiques;EDITBLA
Budgets;CPBUD
Mise à jour budgets BI;BIMAJBUD
Copie budgets;BUDCOP
Saisie budgets;BUDGET
Report des engagements;CMMREP
OD budgétaires;GESBDO
Calcul budgets;GESBUC
Utilitaires;CPUTI
Clôture;UTIEN
Ré-ouverture d'exercice;OPNFIY
Ré-ouverture période;OPNPER
Reconstitution à nouveau;SIMULFINEX
Fermeture période;UTICLOPER
Ajout référentiel;UTILE
Création exercices/périodes;UTIFIYPER
Génération écritures;UTIGNRLED
Divers;UTIMI
Fusions de tiers;BPRMERGE
Fusions de comptes;GACMERGE
Transfert collectif;TRFSAC
TVA déclarée;VATSAI
Vérification date fin devise;VERFEURO
Resynchronisations;UTIRE
Balances;RECBAL
Balances analytiques;RECBLA
Balances engagements;RECBLM
Balances analytiques qté;RECBLQ
Ecritures;RECECT
Engagements;RECENG
Historisation des échéances;RECHDU
Lettrage;RECLET
Pyramides comptes;RECPYRACC
Pyramides sections;RECPYRCCE
Soldes comptables;RECSOL
Interfaces;INTF
Import virements tréso Sage;BNKTRSIMP
Export balance;EXPBAL
Export échéancier tréso Sage;EXPCASDUD
Export règlements tréso Sage;EXPCASPAY
Export balance conso Sage;EXPCONSO
;ZEXPSAGE
Reporting;LIA
Extraction pour consolidation;BALCONSO
Extraction par contrepartie;CPCSF
Analyse flux trésorerie;GESCSRH
Tableaux de bord;TDBOR
Consultation;GESTXW
Calcul;TXSGRP
Lettrage;MTC
Délettrage;DELETTRAGE
Lettrage manuel;LETTRAGE
Lettrage automatique;LETTRAUTO
Pièces;SPCE
Engagements;GESCMM
Saisie pièces;GESGAS
Saisie pièces inter-sociétés;GESGIC
Saisie lots;GESLOT
Traitements courants;TRTF
Modifications analytiques;CPTANA
Ecritures calculées;CPTCLP
Répartitions analytiques;CPTDSPANA
Déversement;CPTDUM
Extournes;CPTEXT
Création pièces inter-sociétés;CPTINTCPY
Lots;CPTLOT
Validation définitive;CPTVAL
Abonnements;ABT
Solde;SOLABT
Abonnements;VALABT
Simulations;TRSIM
Activation;CPTACTSIM
Annulation;CPTANUSIM
Désactivation;CPTDESSIM
Validation;CPTVALSIM
Traitements arrêtés;TRTP
Ecarts de conversion;CNVECAR
CCA/PCA;CPTSVC
Fin d'exercice;FIYEND
Factures à émettre;FUNAUTFAE
Avoirs à recevoir;FUNPNH
Factures à recevoir;FUNPTH
Comptabilité tiers;GTRS
Consultations;TCONS
Situation client;CONSBAG
Situation fournisseur;CONSBAGF
Balance âgée client à date;CONSBAH
Balance âgée fourn à date;CONSBAHF
Banques;CONSBAN
Situation bancaire;CONSBTR
Chèques;CONSCHQ
Factures;CONSFAC
Règlements;CONSPAY
Traçabilité pièces;CONSPIT
Notes de frais;MEXS
Comptabilisation des frais;EXSGEN
Relevés de frais;GESEXS
Transactions bancaires;TRSCH
Suppression relevé;ANURBK
Pointage des relevés bancaires;BANREC
Dépointage;DEPOINTAGE
Saisie relevé bancaire;GESRLK
Pointage;POINTAGE
Rapprochement bancaire;RAPBAN
Import relevé bancaire;RELBANK
Pointage en partie simple;UTICHK
Avis de domiciliations;TRSDO
Génération domiciliations;GENAVIDOM
Saisie avis de domiciliation;GESPAB
Rapprochement automatique;RAPLCRAUT
Rapprochement manuel;RAPLCRMAN
Import relevé LCR;RELLCR
Export relevé LCR;REPLCR
Echéances;TRSDU
Blocage client;BPCREDIT
Déblocage client;BPCREDITD
Compensation tiers;BPOINET
Génération de prévisions;FUNTRTCFO
Gestion prévisions de tréso.;GESCFO
Campagnes de relances;GESFUP
Relevés;GESREL
Imputations clients;IPTACPTCLI
Imputations fournisseurs;IPTACPTFOU
Gestion des échéances;MODECHE
Saisie des échéances;MODECHE2
Affacturage;TRSFC
Comptabilisation quittances;CPTQUIT
Annulation quittances;DELQUIT
Génération de fichier;GENFIC
Génération quittances;GENQUIT
Notification de réglement;NTFQUIT
Saisie factors;SAIFCT
Facturation;TRSIN
Validation factures tiers client;BPCVAL
Création facture périodique;BPRICRE
Validation factures tiers fourn.;BPSVAL
Factures tiers client;GESBIC
Factures inter-soc clients;GESBICI
Factures tiers fournisseur;GESBIS
Factures inter-soc fournisseurs;GESBISI
Factures périodiques clients;GESRCC
Factures périodiques fourn;GESRCS
Factures en attente;VALBIS
Règlements;TRSPY
Affectation banques;BANAFFA
Saisie banques;BANAFFM
Saisie règlements;GESPAY
Génération fichier Positive Pay;GESPPY
Impayés;IMPAYE
Comptabilisation des effets;PAYMEP
Proposition automatique;PAYPROPAL
Prorogation fournisseur;PROROG
Prorogation client;PROROGC
Comptabilisation en banque;REMBAN
Retour acceptation;RETACC
Dévalorisation des effets;VALPORT
Bordereaux de remise;TRSRE
Remises magnétiques;FICMAG
Génération remises;GENBORREM
Saisie bordereau de remise;GESFRM
Comptabilisation intermédiaire;REMCPT
Ventes;MSAL
Allocations;MSALL
Allocations automatiques;FUNAUTALL
Réservations clients;FUNBPCALL
Désallocations;FUNDESALL
Allocations par article;FUNMANALL
Consultations;MSCNS
Traçabilité pièces;CONSPIV
Contenu colis;CONSCOL2
Bons de préparation;CONSPRH2
Allocations;MSCNA
Allocations;CONSALLS
Allocations en rupture;CONSSHTS
Commandes;MSCNC
Tournées;CONSCSG2
Liste commandes;CONSCSO
Lignes commandes;CONSCSP
Commandes par période;FUNGRHSOH1
Palmarès commandes;FUNGRHSOH2
Devis;MSCND
Lignes devis;CONSCSL
Liste Devis;CONSCSQ
Devis par période;FUNGRHSQH1
Palmarès Devis;FUNGRHSQH2
Devis par représentant;FUNGRHSQH3
Factures;MSCNF
Liste factures;CONSCSI
Lignes factures;CONSCST
Factures par période;FUNGRHSIH1
Palmarès factures;FUNGRHSIH2
Factures par représentant;FUNGRHSIH3
Livraisons;MSCNL
Liste livraisons;CONSCSD
Lignes livraisons;CONSCSF
Tournées;CONSCSG
Livraisons par période;FUNGRHSDH1
Retours;MSCNR
Liste retours;CONSCSN
Lignes retours;CONSCSR
Palmarès motifs retours;FUNGRHSDH2
Livraisons;MSDLV
Génération livraison commande;FUNAUTDLV
Validation des livraisons;FUNCFMDLV
Livraisons des bons préparation;FUNPREDLV
Bon de transport;GESBOLS
Livraisons;GESSDH
Factures;MSINV
Génération factures contrats;FUNAUTINVC
Génération factures livraisons;FUNAUTINVD
Génération factures commandes;FUNAUTINVO
Génération factures services;FUNAUTINVS
Génération factures échéances;FUNAUTINVSCH
Génération factures transferts;FUNAUTINVT
Validation facture/avoir vente;FUNCFMINV
Emission des acomptes;FUNEMIINS
Factures;GESSIH
Commandes;MSORD
Gestion des acomptes;FUNSNS
Commandes;GESSOH
Demandes de livraisons;GESSOQ
Commandes ouvertes;GESSOR
Visu demandes de livraisons;GESSOV
Devis;MSQUO
Devis;GESSQH
Retours;MSRET
Retours client;GESSRH
Retours prêt;GESSRL
Retours matières sous-traitance;GESSRS
Tarifs;MSTAR
Révision tarifs;FUNSPCINC
Recherche tarifs;FUNVENSPSI
Définition révision tarifs;GESSNE
Saisie tarifs;GESSPL
Génération catalogues tarifs;GESSPP
Utilitaires;MSUTI
Resynchronisation en-cours client;FUNBPCMVT
Initialisation Sage Sales Tax;FUNSSTENT
Préparations d'expéditions;MSPR2
Génération listes de préparation;FUNAUTPRE2
Colisage déclaratif;FUNPKD2
Post-colisage;FUNPKP2
Plan de préparation;FUNPREP2
Bons de préparation;GESPRH2
Déclarations;FISDE
Gestion des taxes;VATST
Autres;RFI60
Paramétrage;MOTHS
Entités de TVA;GESVATGRP
Formulaire TVA;GESVEF
Cases TVA;GESVTB
Traitements;MOTHP
Déclaration Européenne de Services;DCLESD
Déclaration préparatoire TVA;DCLVATOTH
Déclarations de TVA;GESVFE
Gestion des cases TVA;RFI6B
Déclaration des honoraires;MFEE
Autres;FOTH
France;RFI64
Fichier déclaration honoraires;GESTFT
France;PACPF
Autres;RFI68
Traitements;DAS2
Annulation lignes d'honoraires;HONLINANN
Extraction honoraires;HONLINEXT
Mise à jour lignes d'honoraires;SUBHLN
Contrôles TDS;TDSCTL
Génération fichier TDS;TDSGENE
Paramétrage;FFRAS
Fichier DADS-U;GESFTD
Paramètres extraction DADS-U;GESPRM
Audit;MAUDF
Portugal;MAPOR
Traitements;APORP
Extraction SAF-T;FUNSAFTEXT
Paramétrage;APORS
Classification fiscale;GESVCL
Gestion ATCUD;APORC
France;MFAE
Traitements;AFRAP
Lancement interface FEC;FAEINT
Paramétrage;AFRAS
Paramétrage FEC;GESFAE
Déclaration d’échanges de biens;MDEB
Autres;MDDEB
Traitements;MDEBP
Génération fichier DEB;FUNDEB
Gestion fichier DEB;GESDEB
Paramétrage;MDEBS
Régimes et natures mouvement;GESDRN
Nomenclatures NC8;GESINO
Nature transaction;GESTEC
Régime statistique;GESTSC
Autres déclarations;MOTHD
Gestion des déchets;MDMW
Traitements;MDMWP
Calcul des déchets;DMWBAT
Autriche;DMWPA
Résultats détaillés calcul;CONSDMWD
Résultats groupés calcul;CONSDMWG
Allemagne;DMWPD
Résultats détaillés calcul;CONSDMWDD
Résultats groupés calcul;CONSDMWGD
Paramétrage;MDMWS
Exceptions gestion des déchets;GESDMWBPREX
Classification Ordonnance emballage;GESDMWPAORD
Affectation emballage article;GESDMWPPA
Quotas de gestion des déchets;GESDMWQUOTA
Système de gestion des déchets;GESDMWSC
Affaires;MPRP
Affaires;MPJM
Gestion des affaires;GESPJM
Création documents de vente;GESPSO
Copie d'affaire;PJMACTAFCP
Suivi financier;PJMFINOV0
Extraction états financiers;PJMRPTEXT
Resynchronisation commandes ventes;PJMSOQSYN
Saisie des temps;PJMTE
;ZETEMPAFF
;ZETEMPOF
;ZETEMPTPS
Contrôle de gestion;MCST
Coûts de sous-traitance;MCSCC
Coûts de fabrication;MCMFC
Calcul coûts prévisionnels ss-trait;CALSCOCOST
Calcul prix revient sous-traitance;FUNWIPSCO
Consulter en-cours ss-trait.;GESPWI
Consultation prix revient;GESSCC
Consultation coûts prévisionnels;GESSCCP
Consultation prix revient;GESMFC
Calcul coûts prévisionnels OF;CALMFGCOST
Coût en-cours sans OF;FUNWIPBOM
Calcul prix de revient de fab;FUNWIPMFC
Consultation coûts prévisionnels;GESMFCP
Coûts de revient industriels;GESMWI
Analyse performances;MCANA
Comparaison des coûts;COMPCOUT
Impression comparatif coûts;COMPCOUTM
Historique;GESHIC
Historique prix de revient;GESHIM
Traitements divers;MCDIV
Transfert de coûts;COPYCOUT
Purger enreg. coûts en-cours;FUNPURWIP
En-cours;MCENC
Comptabilisation en-cours OF;FUNWIPACC
Valorisation en-cours;ORDWIPVAL
NULL;ZEXPLOBOF
Calculs coûts prévisionnels;MCICC
Calcul coûts budget;CALCSTBUD
Calcul coûts actualisés;CALCSTCUT
Calcul coûts simulés;CALCSTSIM
Calcul coûts standards;CALCSTSTD
Mise à jour coûts calculés;CALCSTUPD
Stocks;MSTO
Changement de dépôt;GESCWRH
Versions;GESECS
Inventaires;MSCUN
Articles en inventaire;CONSSBII
Calcul comptages;CONSSCI
Articles à inventorier;CONSSII
Inventaires;GESSNL
Sessions inventaires;GESSNX
Etiquetage;MSETI
Flux d'entrées/sorties;MSEXT
Impression étiquettes stock;FUNLBEIMP
Réceptions;GESPTH
Impression étiquettes colisage;FUNPKE
Transferts inter-sites;GESSIS
Sorties diverses;GESSMO
Entrées diverses;GESSMR
Transferts sous-traitants;GESSST
Retours sous-traitants;GESSTR
Livraisons;MLIVR
Livraisons;GESSDH2
Livraisons des commandes;FUNAUTDLV2
Validation des livraisons;FUNCFMDLV2
Livraisons des bons préparation;FUNPREDLV2
Consultations;MSINQ
Emplacements;MCEM
Emplacements;CONSSEA
Emplacements dédiés;CONSSED
Occupation emplacements;CONSSOE
Historique qualité;MCQU
Hist. fiche 130;CONSSH3
Hist. fiche technique;CONSSHQ
Réponses contrôle qualité;CONSSRF
Réapprovisionnements CBN/PDP;MCRE
Résultats PDP;CONSSCBPD
Résultats CBN;CONSSCBCB
Articles;MSINA
Encours article;CONSORD7
Articles en inventaire;CONSSBI
Historique stocks;CONSSHS
Allocations;MSINL
Allocations détaillées;CONSSAD
Allocations globales;CONSSAG
Stocks manquants;CONSSMQ
Mouvements;MSINM
Mouvements en attente;CONSSAT
Evolution du PMP par mouvement;CONSSMA
Mouvements par date;CONSSMJ
Mouvements par article;CONSSMV
Traçabilité;CONSSTK
Traçabilité étendue;XX1JTRA
Stocks;MSINS
Stocks par article;CONSSAR
Stock prêté;CONSSBP
Stock à date;CONSSDA
Stocks détaillés;CONSSDE
Stock disponible;CONSSDI
Stocks inactifs;CONSSDO
Stock par site;CONSSFC
Stocks par lots;CONSSLO
Stock périmé;CONSSPE
Stock projeté;CONSSPR
Numéros de série;CONSSSE
Stocks externes;CONSSXT
Flux internes;MSINT
Réappro zone consommation;FUNCALREO
Plan de réapprovisionnement;FUNREO
Plan de rangement;FUNSSL
Assemblage;GESBBY
Désassemblage;GESDBY
Changements stock;GESSCS
Affectations;MSMTO
Consultation affectations;CONSZCAF
Affectations;FUNMAUTMTO
Désaffectations;FUNMDESMTO
Plan d'affectation;FUNMLINK
Colisage;MSPAC
Contenu colis;CONSCOL
Colisage déclaratif;FUNPKD
Impression étiquettes colisage;FUNPKE2
Post-colisage;FUNPKP
Traitements périodiques;MSPER
Validation des périodes stocks;FUNCPTITH
Régularisation des stocks manquants;FUNSHTSEL
Calcul classe ABC;FUNSTKA
Purge;MSPUR
Purge des suggestions;FUNPURSUGA
Numéros séries;FUNSTPE
Sessions inventaires;FUNSTPI
Lots nuls;FUNSTPL
Analyses qualité;FUNSTPQ
Traçabilité;FUNSTPT
Mouvements stocks;FUNSTPU
Valorisation;MSVAL
Interface comptable;FUNSTKACC
Régularisation de prix;FUNSTKADJ
Etat valorisé des stocks;FUNSTVA
Préparations d'expéditions;MSPRE
Consultation bons de préparation;CONSPRH
Génération listes de préparation;FUNAUTPREP
Plan de préparation;FUNPREP
Bons de préparation;GESPRH
Contrôle qualité;MSQUA
Changt statut lots re-contrôle;FUNSTOLTI
Changt statut lots périmés;FUNSTOP
Demandes d'analyse;GESQCR
Contrôle qualité;GESSTQ
Modification des lots;MSLOT
Modification zones utilisateurs;FUNSMU
Changement en série lot;FUNSMXUPD
Renumérotation/mélange;GESSLM
Changement caractéristiques;GESSMX
Réapprovisionnements;MSREO
Calcul besoins nets;FUNMRP
Réapprovisionnements hors MRP;FUNSTKB
Prévisions de consommation;GESORZS
Utilitaires;MSSYN
Resynchronisation emplacements;FUNLOCS
Resynchronisation et contrôle stock;FUNSTOR
Resynchronisation qtés en saisie;FUNSTOWIPW
Resynchronisation encours;FUNSYNCW
Resynchronisation réappr zone conso;FUNSYNREO
Resynchronisation plan de rangement;FUNSYNSRG
Alerte Kanban;GESZKBN
Valorisation;MSSYV
Changement de valeur;FUNCHGVAL
Modification date d'imputation;FUNIPTD
Terminaux portables;VXADC
Définir la destination;VXASP
Définir le site;VXASS
Stocks;VXADI
Préparations d'expéditions;VXABP
Inventaires;VXACC
Transferts inter-sites;VXAIT
Réapprovisionnements emplacements;VXALR
Sorties diverses;VXAMO
Entrées diverses;VXAMR
Changements stock;VXASC
Transferts sous-traitants;VXAST
Rangements sur liste;VXASY
Sélection par identifiant;VXBDI
Transferts inter-sites;VXBIT
Sorties diverses;VXBMO
Changements stock;VXBSC
Transferts sous-traitants;VXBST
Consultations;VXCNS
Articles - Sites;VXCAS
Emplacements;VXCEM
Production;VXADM
Sortie matières;VXAMT
Suivi des temps;VXAOT
Déclaration production;VXAPT
Suivi atelier;VXADS
Début de pause;VXBRKI
Arrêt de pause;VXBRKO
Pointage arrivée;VXECI
Pointage départ;VXECO
Heures passées;VXELP
Début temps hors production;VXINDI
Arrêt temps hors production;VXINDO
Début exécution;VXRUNI
Arrêt exécution;VXRUNO
Début préparation;VXSETI
Fin préparation;VXSETO
Sortie matières;VXBMT
Production;MMFG
Analyses;MMANL
Analyse de production;FUNANL
Edition axes produits;FUNMANL
Edition axes ressources;FUNWANL
Traitements automatiques;MMAUT
Contremarque;FUNMAUTF
Décalage opérations;FUNMAUTO
Lancement automatique;FUNMAUTR
Suppression automatique;FUNMAUTS
Recalcul des charges;FUNMIWL
Purge des suggestions;FUNPURSUG
Allocation / Désallocation;MMAUA
Allocation;FUNMAUTA
Désallocation;FUNMDESA
Jalonnement / Déjalonnement;MMAUJ
Déjalonnement;FUNMAUTD
Jalonnement;FUNMAUTJ
Ordre de fabrication;MMAUO
Mise à niveau;FUNMAUTM
Décalage;FUNMAUTP
Réactivation;FUNMAUTRE
Suspension;FUNMAUTSU
Consultations;MMINQ
Liste des OF;CONSMFG
Sous-traitance;CONSSST
Allocations;MMINA
Allocations;CONSALLG
Allocations en rupture;CONSSHTG
Charges;MMINC
Charges;CONSMWK
Charges graphiques;FUNGLOAD
En-cours;MMINE
Encours charge;CONSOPX
Encours article;CONSORD
Résultats réapprovisionnement;MMINR
Résultats CBN;CONSSCBCB1
Résultats PDP;CONSSCBPD1
Stocks;MMINS
Stock disponible;CONSSDI1
Stock projeté;CONSSPR1
Suivis;MMINV
Productions;CONSMKI
Consommations;CONSMKM
Temps passés;CONSMKO
OF en rupture;CONSSHO
Suivis par OF;GESTKI
Saisie des temps Matricule;CNSXTPS
Planification;MMPLN
Plan de travail;FUNDBENCH
Planning global;FUNGBENCH
Regroupement;FUNMPICK
Plan directeur production;FUNMPS
Calcul besoins nets;FUNMRPG
Replanification en série;FUNTDUMRP
Modification des objectifs;FUNTDUOF
Ordre de fabrication;GESMFG
Planification multi-niveaux;MULTIWOX
Prévisions de consommation;GESORZ
;ZMFGO
;ZRECALOBJ
;ZRECALOF
Production Scheduler;MMPS
Recalcul 1e date dispo mat. OF;FUNPSFDMAUPD
Soumettre à l’ordonnancement;FUNPSMOPT
Production Scheduler;FUNPSSCH
Consultation Prod. Scheduler;FUNPSVIEW
Valeurs personnalisées Production Scheduler;GESPOPSCV
Retirer de l’ordonnancement;PSOPTFREE
Données techniques;MMTEC
Gammes;MMROU
Opérations standard;GESROT
Gestion gammes;GESROU
Cas d'emploi gammes;GESROW
Alternatives gammes;GESTRO
Gammes multi niveaux;VISUROUG
MAJ temps théoriques gammes;XX1JMAJROU
Instructions opératoires;GESXX1JWIO
Modifications en série;MMTDU
Copie gammes;COPYGAMME
Opérations standard;FUNSTDTDU
Poste de charge/Variation capacité;FUNTDUCAP
Opérations de gamme;FUNTDUPDR5
Postes de charge;FUNTDUPDW
Variation capacité;FUNTDUVAR
Remplacement postes;FUNTDUWST
Suppression gammes;SUPGAMME
;ZPJAJROO
;ZPJRPLROO
Centres de production;MMWCR
Postes de charge;GESMWS
Cas d'emploi postes;GESMWW
Centres de charge;GESTWC
Suivi de fabrication;MMTRK
Plan de production;FUNBENCHI
Plan de suivi des matières;FUNBENCHM
Plan de suivi des temps;FUNBENCHO
Plan de réintégration;FUNBENCHR
Plan des fiches techniques;FUNBENCHT
Pilotage des plans de suivi;FUNBENPLT
Clôture/solde OF;FUNMCLOSE
Situation OF;FUNMSITU
Clôture/solde en série;FUNTDUCLO
Suivi de fabrication;GESMTK
Articles à retoucher;GESXX1JP
Suivi atelier;MMSFT
Activité collaborateur;FUNSFTEAC
Suivi atelier;FUNSFTPOR
Validation saisie main oeuvre;FUNSFTVAL
Utilitaires;MMUTI
Historique PEC;FUNMCOV
Réouverture OF;FUNMREACT
Resynchronisation charge;FUNSYNCO
;ZBAROFCRIT
;ZRVREGUL
;ZRVRESUME
;ZVALOPRI
;ZVALOPRID
Relation client;MCRM
Identifier;FUNCRM9
Marketing;MMKG
Action commerciale;MACO
Agenda;FUNCRMAGD
Rendez-vous;GESBAP
Appels;GESCLL
Affaires;GESOPP
Tâches;GESTSK
Consultations;MCCNS
Traçabilité pièces;CONSPIC
Support client;MHDK
Agenda;FUNHDKAGD
Contrats de service;GESCON
Interventions;GESITN
Parc client;GESMAC
Demandes de garantie;GESRQW
Solutions;GESSOL
Demandes de service;GESSRE
Consultations;MHCNS
Contrats de service;CONSCON
Traçabilité pièces;CONSPIH
Planning marketing;FUNPLG
Campagnes marketing;GESCMG
Opérations marketing;MPOPG
Publipostages;GESOMM
Campagnes de presse;GESOMN
Campagnes d'appels;GESOMP
Salons professionnels;GESOMT
Utilitaires;MCUTI
Resynchronisation en-cours client;FUNCRMLCM
Immobilisations;MFASM
Immobilisations;MFAS
Plan d'amortissement;GESDPP
Biens comptables;GESFAS
Dépenses;GESLOF
Plan de production;GESPLP
Traitements;MFAST
Statut des contextes;SAISTACPY
Mouvements;MFSTM
Sortie d'actif;FASISSM
Modif. méthode amortissement;FASMTCM
Eclatement massif des biens;FASSPLM
Modif. imputation comptable;FASTRFCM
Transfert analytique / géographique;FASTRFM
Immobilisation des dépenses;LOFGRPFAS
Régularisation TVA;MFSTR
Biens;FASVATREG
Globale;FASVATRGG
Dépenses;LOFVATREG
Amortissements;MFSTA
Calcul amortissements;FASCALC
Clôture période et exercice;FASCLOTURE
Génération flux provisoires;FASFLXM
Dépréciation;FASIMLM
Réévaluation;FASRVAM
Simulation amortissements;FASSIMU
Interface comptable;MFSTC
Pièces comptables;GESGPC
Génération écritures comptables;TRTCPTINT
Interface;MFFXM
Intégration des mouvements;FXDINT
Mouvements à intégrer;GESFXM
Consultations;MFCNS
Traçabilité pièces;CONSPIF
Simulation amortissements;CONSSIM
Situation par code flux;FAS246G
Pièces immobilisations;FASENTRY
Cessions et sorties immobilisations;FASEXIT
Liste immobilisations;FASLISTDEP
Financement;MFIN
Subventions;MFSTS
Subventions;GESGRT
Calcul des subventions;GRACAL
Contrats location financement;MLOCF
Contrats location financement;GESLEA
Génération événements redevance;LEAPAY
Gestion physique;MINV
Sortie massive;PHYISSM
Transfert géographique massif;PHYTRFM
Cessions intra-groupe;MFASC
Ajustement manuel des sorties;GESCIB
Définition de l'opération;GESCIG
Validation de la cession;GESCII
Paramétrage des sélections de biens;GESCIS
Pré-enregistrement des sorties;GESCIT
Utilitaires;MFSTU
Synchronisation contextes;FASCNXSYNC
Recodifications massives;GESREC
Reprise Abel Entreprise;REPRISEAE
Création DEPREC courant;UCREDEPCUM
Suppression plan amortissement;UDELPLN
Mise à jour du dérogatoire;UMAJDEROG
Synchronisation des suivis;UMAJSUIV
Modifications en attente;UPDWAITRT
Exports CSV;CRMEXPCSV
Qualité - qualification;GESXX1JQXCA
;CONSSTT
;GESPRL
;GESSOS
Interrogations;MGINQ
Traitements périodiques;MGPER
Réapprovisionnements;MGREO
Magasinage;MMAG
Réceptions;MSRCP
Transferts;MSTRF
;SYRCONSSDI
Numéros de lot;GESXX1JQXNL
;ZBARRNG
;ZETEMPDEC
;ZETIQMAG
;ZETIQMET
;ZREBARRNG
;CRERVV
Sélection ordre de fabrication;GESMF0
Import ordres de fabrication;GESMFK
Import decl production;GESMKI
Import suivi matières;GESMKM
Numéros de série;GESXX1JQXNS
Import suivi des temps;GESMKO
Ordre de fabrication-ligne;GESXMF
Regroupement;GESXRE
Validation Gamme Version;VALRVV
;X4TREGSUP
;ZSAILARLON
;CCMIMPBATF
;CONSOIT
;CONSSTCITG
;CONSSTCITM
;ACTLSPE
;CONSSTCITP
;CREEVL
;EDIBAT
;EDIBPRCPY
;EDIBPRPAR
;EDICAT
;EDICPYPAR
;EDIFCYPAR
;EDIFLO
;EDIIMP
;ADSVAL
;EDILINK
;EDIMSG
;EDIPARTNER
;EDIPTC
;EDIPUR
;EDIQRY
;EDIRUNISS
;EDIRUNREC
;EDISEQFIL
;EDISTO
;AECLIEXE
;EDITRKDOC
;EDIXMLFIL
;EDIXSDUPL
;FUNMACA
;GESBOD
;GESBOL
;GESBOS
;GESBPD
Requêtes suivi financier;GESBTQ
Structure suivi financier;GESBTS
;AECLIRDV
;GESCCM
;GESCCMAUS
;GESGAD
;GESINDREF
;GESITC2
;GESITP
Article-Vente;GESITS
;GESITU
;GESNTS
Utilisateurs gestion affaire;GESPAUS
;AGENADO
;GESPBDECO
;GESPFI
Ligne d'imputation affaire;GESPIM
;GESSEB
;GESSFI
;GESSHFT
Conteneur fret;GESTCTR
;GESTMA
;GESTPC
;GESTPCT
;AIMPCRYS
;GESXMA
Opération d'ordre de fabricat;GESXMO
Temps validés ou non;GESXTPALL
;GESXX1JMMOB
Distribution;MDIS
;PJMACTBUD
;PJMACTTAS
;PJMBUDTRQ
;PJMBUDTRS
;REQUET
;AIMPCRYSD
;SYRWRKPLN
;TRACKTPL
;VALEVL
;X4TVISUTPS
;ZEXPLOBSAD
;GESARY
;FASACT
;FASCLOTURB
;FASCNL
;FASDDE
;FUNCMG3
;AMOULIN4
;FASIML
;FASISR
;FASISS
;FASMTC
;FASNSP
;FASRVA
;FASSPE
;FASSPL
;FASTRF
;FASTRFC
;ANUPAS
;FASVEH
;FASVISPLN
;GESDER
;GESGVD
;GESMAS
;GESMFS
;GESMPY
;GESPHY
;GESRC1
;GESTSI
;APTLOBJ
;LOFECL
;LOFLDAB
;MNTPVT
;UMAJFACT
;ZBAREQ
Impression;RFIS
Paramétrage événements avancé;GESPVT
Déclaration française;DCLVATFRA
Gestion des temps;X4TPS
Recette;VISUROUBOM
;APTLREQ
Transactions saisie pièces;GESGDE
Trésorerie;GESTFC
Déclaration honoraires;RFI5M
Gestion des taxes;RFI6M
France;MFRA
Autres;MOTH
Etats Unis;MUSA
Réceptions;VXAPR
Matricules;GESXM2
Validation globale des temps;X4TVALITPG
;ASSOMAJ
Validation des temps;X4TVALITPS
Demandes de dérogation;GESXX1JDE
Histo patch;GESXX1JJHIS
Prévisions conso client;GESXX1JJPC
;AVISULIC
;AWRKCLASSIC
;AWRKSIG
;BATCHEXP
;BATCHIMP
Transaction agenda act co;GESCRA
;CALALH
;CALALQ
;CONSAWW
;EXEFNC
Tranches réservées;GESACD
Documentation spécifique;GESAD7
Habilitation fonctionnelle;GESAF1
Editeur de formules;GESAF9
Editeur de formules;GESAFE
Hiérarchies;GESAH2
Mot-clé d'aide;GESAMC2
Question script d'appel;GESSCQ
Profil menu utilisateur;GESAPM
Profil utilisateur GED;GESARU
Entête messages;GESAS2
;GESAS3
;GESATD
;GESAVL
;GESAYO
Gammes - Opérations;GESZROO
;MENU
Processus Oracle;ORAPRO
;OMMEMA
Propriétés Oracle;ORAPROP
;ORASTA
;ORASTAB
Processus Sql Server;SQLPRO
Propriétés Sql Server;SQLPROP
Statistiques Sql Server;SQLSTA
NULL;XX1JHVHAB
NULL;ZEXPREQ
Fournisseur expéditeur;GESBSL
Import ordres de ss-traitance;GESEOK
;OMMFAX
Saisie des tarifs;GESPPF
Commandes ouvertes;MPORC
;SYRACHPPSI
;ZCOLISAGE
;ZMAJPAZ
;CONSMCC
;CONSMCN
;FUNCONH
;FUNCXT0
;FUNCXT1
;OMMMAI
;FUNDSC1
;FUNECE2
;FUNHDK5
;FUNHDK6
;FUNITNH
Exécution des escalades;FUNPEC2
Historique des escalades;GESECE
Transac. agenda support client;GESHDA
;GESSET
;GESSSO
Notifications de rejet;GESXX1JDR
;CLOPER
;CONSXTP
;DCLVATBAT
;GESBUD
;GESCSL
;GESRCR
;PAYPROPAL2
;GESAONSQH
Commande vente;GESCRMSFS01
;GESLTA
Gestion quotas fournisseurs;GESXX1JQUO
Augmentation des tarifs;GESSND
;GESSOI
Saisie des tarifs;GESSPF
;GESSPLPRT
Commandes ouvertes;MSORC
;SYRVENSPSI
;CONSALL
;CONSSCB
;CONSSHT
;CONSSTR
