M;FNC_0;ACS_0;OPT_0;PRFCOD_0;FCYGRUCOD_0;FCYGRU_0
M;ATRAD;2;;AVMET;0;
M;ATDOC;2;;AVMET;0;
M;ATFCT;2;;AVMET;0;
M;ALOCTRAD;2;;AVMET;0;
M;APRTRAD;2;;AVMET;0;
M;ATXTTRAD;2;;AVMET;0;
M;FUNTRATXI;2;;AVMET;0;
M;GESATR;2;CMS;AVMET;0;
M;GESATR;1;;AVPRJ;0;AVIA1
M;GESATR;2;;AVPRJ;0;CPR01
M;GESATR;2;CMS;AVMET;0;F0001
M;ATTLS;2;;AVMET;0;
M;AEXPATD;2;T;AVMET;0;
M;AEXPATR;2;T;AVMET;0;
M;AGENREFAML;2;;AVMET;0;
M;AGENREFTXT;2;;AVMET;0;
M;AIMPATD;2;T;AVMET;0;
M;AIMPATR;2;T;AVMET;0;
M;ALANG;2;;AVMET;0;
M;ARECTXTTRD;2;;AVMET;0;
M;ATXNOTRANS;2;;AVMET;0;
M;GESAEX;2;CMS;AVMET;0;
M;GESAMD;2;CMS;AVMET;0;
M;GESATT;2;CMS;AVMET;0;
M;ATPRD;2;;AVMET;0;
M;ADOCEXT;2;;AVMET;0;
M;ADOCIMP;2;;AVMET;0;
M;ADOCTRA;2;;AVMET;0;
M;GDEV;2;;AVMET;0;
M;GUTIL;2;;AVMET;0;
M;UTI0;2;;AVMET;0;
M;GMAINT;2;;AVMET;0;
M;GSTDCOL;2;;AVMET;0;
M;UTI1;2;;AVMET;0;
M;ANAMEMO;2;;AVMET;0;
M;AVERIFSRC;2;;AVMET;0;
M;UTI1B;2;;AVMET;0;
M;ETAFIC;2;;AVMET;0;
M;SQLDICO;2;;AVMET;0;
M;TRTPRO;2;;AVMET;0;
M;TRTPROP;2;;AVMET;0;
M;TRTSTA;2;;AVMET;0;
M;UTI1D;2;;AVMET;0;
M;UTIBASE;2;;AVMET;0;
M;UTIDEP;2;;AVMET;0;
M;UTI1S;2;;AVMET;0;
M;ADXD;2;;AVMET;0;
M;PSADX;2;KS;AVMET;0;
M;UTI1V;2;;AVMET;0;
M;LCKSRC;2;;AVMET;0;
M;VERSYMB;2;;AVMET;0;
M;UTI2;2;;AVMET;0;
M;GENMENULOC;2;;AVMET;0;
M;GENMSKTRT;2;;AVMET;0;
M;SYNCHDICO;2;;AVMET;0;
M;UTI2A;2;;AVMET;0;
M;ARCHGENTRT;2;;AVMET;0;
M;ARCHTRT;2;;AVMET;0;
M;UTI2C;2;;AVMET;0;
M;ACOPDIC;2;;AVMET;0;
M;ACOPELT;2;;AVMET;0;
M;ACOPFIC;2;;AVMET;0;
M;ACOPPOS;2;;AVMET;0;
M;ACOPTRS;2;;AVMET;0;
M;ADOSCOPDAT;2;;AVMET;0;
M;COPRPT;2;;AVMET;0;
M;COPTRT;2;;AVMET;0;
M;UTI2D;2;;AVMET;0;
M;ACOMPOBJ;2;;AVMET;0;
M;ADIFSUB;2;;AVMET;0;
M;UTI2V;2;;AVMET;0;
M;ARECOPRO;2;;AVMET;0;
M;AVALAFC;2;;AVMET;0;
M;VALDICO;2;;AVMET;0;
M;VALMENU;2;;AVMET;0;
M;UTI3;2;;AVMET;0;
M;AINITEXTRA;2;;AVMET;0;
M;ARECAUO;2;;AVMET;0;
M;CHDOS;2;;AVMET;0;
M;CREHISTO;2;;AVMET;0;
M;DEVERROU;2;;AVMET;0;
M;IMPDOS;2;;AVMET;0;
M;MONO;2;;AVMET;0;
M;MULTI;2;;AVMET;0;
M;RAZDOS;2;;AVMET;0;
M;VERROU;2;;AVMET;0;
M;UTI4;2;;AVMET;0;
M;AICONE;2;;AVMET;0;
M;ARECHMEN;2;;AVMET;0;
M;ARECSRC;2;;AVMET;0;
M;ASEAAPL;2;;AVMET;0;
M;RECHACC;2;;AVMET;0;
M;RECHACI;2;;AVMET;0;
M;RECHACT;2;;AVMET;0;
M;RECHADC;2;;AVMET;0;
M;RECHAMZ;2;;AVMET;0;
M;RECHMESS;2;;AVMET;0;
M;RECHTXT;2;;AVMET;0;
M;RECHTYP;2;;AVMET;0;
M;UTI5;2;;AVMET;0;
M;DOSEXTRA;2;;AVMET;0;
M;DOSINTEG;2;;AVMET;0;
M;UTI6;2;;AVMET;0;
M;ACHANGE;2;;AVMET;0;
M;ACOPADO;2;;AVMET;0;
M;ACTIVLNK;2;;AVMET;0;
M;ADELETE;2;;AVMET;0;
M;ALOGSUP;2;;AVMET;0;
M;AMAINTPORT;2;CMS;AVMET;0;
M;AMIEXE;2;;AVMET;0;
M;AUSRSTA;2;;AVMET;0;
M;CNVUTF8;2;;AVMET;0;
M;EXETRT;2;;AVMET;0;
M;GENTXTTRA;2;;AVMET;0;
M;GESACG;2;CMSN;AVMET;0;
M;GESAPB;2;CMS;AVMET;0;
M;GESAPW;2;CMS;AVMET;0;
M;MODCPT;2;;AVMET;0;
M;RECUPLNK;2;;AVMET;0;
M;SYNCHTXT;2;;AVMET;0;
M;SYSTEME;2;;AVMET;0;
M;UTI7;2;;AVMET;0;
M;ACOPAPH;2;;AVMET;0;
M;APATCH;2;;AVMET;0;
M;APATCHA;2;;AVMET;0;
M;GESAPH;2;CMS;AVMET;0;
M;GESAPT;2;CMS;AVMET;0;
M;PATCH;2;;AVMET;0;
M;PATCHT;2;;AVMET;0;
M;UTI8;2;;AVMET;0;
M;RECTXTUTI;2;;AVMET;0;
M;RECOBJTXT;2;;AVMET;0;
M;UTI9;2;;AVMET;0;
M;GACCDEL;2;;AVMET;0;
M;GACCDUP;2;;AVMET;0;
M;EURO;2;;AVMET;0;
M;AYT;2;;AVMET;0;
M;AYT1;2;;AVMET;0;
M;AYTFCYCOP;2;;AVMET;0;
M;AYTFCYDEL;2;;AVMET;0;
M;AYTFCYGEN;2;;AVMET;0;
M;AYTFCYTAR;2;;AVMET;0;
M;AYTWSRGES;2;;AVMET;0;
M;CONSAYU;2;;AVMET;0;
M;GESAYU;2;CMS;AVMET;0;
M;PRHBATCH;2;;AVMET;0;
M;VISUAYS;2;;AVMET;0;
M;AYTF;2;;AVMET;0;
M;GESAYY;2;CMS;AVMET;0;
M;GESAYZ;2;CMS;AVMET;0;
M;AYTK;2;;AVMET;0;
M;GESAYB;2;CMS;AVMET;0;
M;GESAYF;2;CMS;AVMET;0;
M;GESAYG;2;CMS;AVMET;0;
M;GESAYL;2;CMS;AVMET;0;
M;GESAYW;2;CMS;AVMET;0;
M;AYTL;2;;AVMET;0;
M;GESAYA;2;CMS;AVMET;0;
M;GESAYE;2;CMS;AVMET;0;
M;GESAYI;2;CMS;AVMET;0;
M;AYTP;2;;AVMET;0;
M;GESAYC;2;CMS;AVMET;0;
M;GESAYM;2;CMS;AVMET;0;
M;AYTS;2;;AVMET;0;
M;AYTCHGFCYW;2;;AVMET;0;
M;GESAYD;2;CMS;AVMET;0;
M;GESAYS;2;CMS;AVMET;0;
M;AYTT;2;;AVMET;0;
M;GESAYT;2;CMS;AVMET;0;
M;GDON;2;;AVMET;0;
M;GESAVW;2;CMS;AVMET;0;
M;GSTR;2;;AVMET;0;
M;AGENASWLNK;2;;AVMET;0;
M;AMIGSYR;2;;AVMET;0;
M;GESACLA;2;CMS;AVMET;0;
M;GESASW;2;CMS;AVMET;0;
M;GTAB;2;;AVMET;0;
M;GESADM;2;CMS;AVMET;0;
M;GESAFO;2;CMS;AVMET;0;
M;GESATB;2;CMS;AVMET;0;
M;GESATY;2;CMS;AVMET;0;
M;TXT;2;MCS;AVMET;0;
M;GTAD;2;;AVMET;0;
M;GESADI;2;CMSN;AVMET;0;
M;GESADV;2;CMS;AVMET;0;
M;GCOD;2;;AVMET;0;
M;GESAAB;2;CMS;AVMET;0;
M;GESACO;2;CMS;AVMET;0;
M;GESAMM;2;CMS;AVMET;0;
M;GDOC;2;;AVMET;0;
M;GESADF;2;CMS;AVMET;0;
M;GESADO;2;CMS;AVMET;0;
M;GESADZ;2;CMS;AVMET;0;
M;GESAMC;2;CMS;AVMET;0;
M;GDOP;2;;AVMET;0;
M;GESACM;2;CMS;AVMET;0;
M;GESACST;2;CMS;AVMET;0;
M;GESACTX;2;CMS;AVMET;0;
M;GESACV;2;CMS;AVMET;0;
M;GESADP;2;CMS;AVMET;0;
M;GESAGB;2;CMS;AVMET;0;
M;GESAHI;2;CMSN;AVMET;0;
M;GESATYP;2;CMS;AVMET;0;
M;GESAVR;2;CMS;AVMET;0;
M;GESAWM;2;CMSN;AVMET;0;
M;GPORT;2;;AVMET;0;
M;ARCHFLASH;2;;AVMET;0;
M;GESAPP;2;CMS;AVMET;0;
M;GESATP;2;CMS;AVMET;0;
M;GTRT;2;;AVMET;0;
M;GESACN;2;CMS;AVMET;0;
M;GESAFC;2;CMS;AVMET;0;
M;GESAMI;2;CMS;AVMET;0;
M;GESANG;2;CMSN;AVMET;0;
M;GESAOB;2;CMS;AVMET;0;
M;GESARP;2;CMSN;AVMET;0;
M;GESARZ;2;CMSN;AVMET;0;
M;GESATN;2;CMSN;AVMET;0;
M;GESAWI;2;CMSN;AVMET;0;
M;GTRA;2;;AVMET;0;
M;GESAAR;2;CMS;AVMET;0;
M;GESACT;2;CMS;AVMET;0;
M;GTRE;2;;AVMET;0;
M;GESAMK;2;CMS;AVMET;0;
M;GESASB;2;CMS;AVMET;0;
M;GESAUR;2;CMS;AVMET;0;
M;GTRR;2;;AVMET;0;
M;ADOTRT;2;;AVMET;0;
M;GESADC;2;CMS;AVMET;0;
M;GESAPE;2;CMS;AVMET;0;
M;GESASU;2;CMS;AVMET;0;
M;GESAWE;2;CMS;AVMET;0;
M;GUNIT;2;;AVMET;0;
M;ATSTREC;2;;AVMET;0;
M;ATSTSAV;2;;AVMET;0;
M;MDBA;2;;AVMET;0;
M;MCDBA;2;;AVMET;0;
M;GESMWC;2;CMS;AVMET;2;AVIA1
M;GESONA;2;CMS;AVMET;0;
M;GESOVE;2;CMS;AVMET;0;
M;MCFGM;2;;AVMET;0;
M;FUNCFG;2;;AVMET;2;AVIA1
M;FUNCFGAUT;2;;AVMET;2;AVIA1
M;FUNCFGPUR;2;;AVMET;2;AVIA1
M;FUNCFGS;2;;AVMET;2;AVIA1
M;GESCFH;2;CMS;AVMET;0;
M;FONADI;2;CMSN;AVMET;0;
M;MCTA;2;;AVMET;0;
M;GESCTA;2;CMSN;AVMET;0;
M;GESPJCC;2;CMSN;AVMET;0;
M;MDBOM;2;;AVMET;0;
M;BOMPRN;2;;AVMET;0;
M;BOMRET;2;;AVMET;0;
M;COPYNOMEN;2;;AVMET;0;
M;GESBODC;2;CMS;AVMET;0;
M;GESBODP;2;CMS;AVMET;0;
M;GESBODS;2;CMS;AVMET;0;
M;GESTBO;2;CMS;AVMET;0;
M;VISUBOMG;2;;AVMET;2;AVIA1
M;VISUBOMROU;2;;AVMET;2;AVIA1
M;MCAS;2;;AVMET;0;
M;CASNOMENP;2;;AVMET;0;
M;CASNOMENS;2;;AVMET;0;
M;MDBLC;2;;AVMET;0;
M;CONSLLC;2;;AVMET;0;
M;SYNCLLC;2;;AVMET;0;
M;MREMP;2;;AVMET;0;
M;REMPLCOMP;2;;AVMET;0;
M;REMPLSRV;2;;AVMET;0;
M;MSUPP;2;;AVMET;0;
M;SUPPRCOMP;2;;AVMET;0;
M;SUPPRSRV;2;;AVMET;0;
M;MDBPR;2;;AVMET;0;
M;GESPRV;2;CMS;AVMET;0;
M;GESFCT;2;CMS;AVMET;0;
M;FUNCUSSEA;2;;AVMET;0;
M;GESBCG;2;CMS;AVMET;2;AVIA1
M;GESBPC;2;;AVMET;0;
M;GESBPP;2;CMS;AVMET;0;
M;GESBPR;2;CMSN;AVMET;0;
M;GESBPS;2;CMSNT;AVMET;0;
M;GESBPT;2;CMS;AVMET;0;
M;GESBSG;2;CMS;AVMET;0;
M;GESREP;2;CMS;AVMET;0;
M;GESLDS;2;CMS;AVMET;0;
M;MDBPU;2;;AVMET;0;
M;EVCBAT;2;CMS;AVMET;0;
M;FUNADRVAL;2;;AVMET;2;AVIA1
M;FUNCTLBPR;2;;AVMET;2;AVIA1
M;MDCPT;2;;AVMET;0;
M;GESFIY;2;CMS;AVMET;0;
M;GESPER;2;CMS;AVMET;0;
M;MDCAN;2;;AVMET;0;
M;CCEUOM;2;;AVMET;0;
M;GESGSP;2;CMS;AVMET;0;
M;GESCAZ;2;CMST;AVMET;0;
M;GESCCE;2;CMSN1;AVMET;0;
M;GESCRY;2;CMS123;AVMET;0;
M;GESCYM;2;CMS23;AVMET;0;
M;GESDSP;2;CMS;AVMET;0;
M;MDCGE;2;;AVMET;0;
M;GESGDA;2;CMS;AVMET;0;
M;GESGSC;2;CMS;AVMET;0;
M;GESJOU;2;CMSN;AVMET;0;
M;GESGAC;2;CMSN1;AVMET;0;
M;GESGRY;2;CMS123;AVMET;0;
M;GESGYM;2;CMS23;AVMET;0;
M;GESTCI;2;CMS;AVMET;0;
M;MDITM;2;;AVMET;0;
M;GESITW;2;CMS;AVMET;2;AVIA1
M;GESITF;2;CMS;AVMET;2;AVIA1
M;GESITG;2;CMS;AVMET;2;AVIA1
M;GESITM;2;CMSTc;AVMET;0;
M;MDITC;2;;AVMET;0;
M;FUNITC;2;CMS;AVMET;2;AVIA1
M;GESICA;2;CMS;AVMET;2;AVIA1
M;GESICB;2;CMS;AVMET;2;AVIA1
M;GESICD;2;CMS;AVMET;2;AVIA1
M;GESICS;2;CMS;AVMET;2;AVIA1
M;MDITU;2;;AVMET;0;
M;CREITFMA;2;;AVMET;0;
M;FUNCHGITG;2;;AVMET;0;
M;ZPJAJITM;2;;AVMET;2;AVIA1
M;ZPJRPLITM;2;;AVMET;2;AVIA1
M;MDRBP;2;;AVMET;0;
M;DIVTSC;2;CMSN;AVMET;0;
M;DIVTSS;2;CMSN;AVMET;0;
M;GESINVCND;2;CMS;AVMET;0;
M;GESMDT;2;CMS;AVMET;0;
M;GESTAM;2;CMSN;AVMET;0;
M;GESTDA;2;CMS;AVMET;0;
M;GESTPM;2;CMS;AVMET;0;
M;GESTPT;2;CMS;AVMET;0;
M;GESTRN;2;CMS;AVMET;0;
M;GESTUV;2;CMS;AVMET;0;
M;MDTCLS;2;CMS;AVMET;0;
M;VALMDT;2;CMS;AVMET;0;
M;MDRGP;2;;AVMET;0;
M;GESTSR;2;CMS;AVMET;0;
M;XX1JHGESHAB;2;CMS;AVMET;2;AVIA1
M;GESTEM;2;CMS;AVMET;0;
M;GESTMS;2;CMS;AVMET;0;
M;MDRIT;2;;AVMET;0;
M;GESLOC;2;CMS;AVMET;2;AVIA1
M;GESTLO;2;CMS;AVMET;2;AVIA1
M;GESTSA;2;CMS;AVMET;0;
M;GESWRH;2;CMS;AVMET;2;AVIA1
M;DIVTSI;2;CMSN;AVMET;0;
M;FUNTLPATT;2;;AVMET;0;
M;GESSES;2;CMS;AVMET;0;
M;GESTLP;2;CMS;AVMET;0;
M;GESTPA;2;CMS;AVMET;0;
M;GESTRP;2;CMS;AVMET;0;
M;GESTST;2;CMS;AVMET;0;
M;MMQLY;2;;AVMET;0;
M;GESQLC;2;CMS;AVMET;0;
M;GESQST;2;CMS;AVMET;0;
M;GESTCT;2;CMS;AVMET;0;
M;MDRLO;2;;AVMET;0;
M;GESPCO;2;;AVMET;2;AVIA1
M;GESFCS;2;CMSN;AVMET;0;
M;GESICT;2;CMSN;AVMET;0;
M;GESSTC;2;CMSN;AVMET;0;
M;GESSTCITF;2;;AVMET;0;
M;GESTMD;2;CMS;AVMET;0;
M;MOTIF;2;;AVMET;0;
M;DIVCCL;2;;AVMET;0;
M;DIVAVO;2;CMSN;AVMET;0;
M;DIVRET;2;CMSN;AVMET;0;
M;MDWAS;2;;AVMET;0;
M;GESTAU;2;CMSN;AVMET;0;
M;GESTBA;2;CMS;AVMET;0;
M;GESTIT;2;CMSN;AVMET;0;
M;MTRSN;2;;AVMET;0;
M;FUNCFMTNH;2;;AVMET;2;AVIA1
M;GESTNH;2;CMS;AVMET;2;AVIA1
M;GESTTN;2;CMS;AVMET;0;
M;MDFAS;2;;AVMET;0;
M;GESBRD;2;CMS;AVMET;0;
M;GESCOE;2;CMSN;AVMET;2;AVIA1
M;GESFAM;2;CMS;AVMET;0;
M;GESFLU;2;CMS;AVMET;0;
M;GESRVA;2;CMS;AVMET;2;AVIA1
M;GESSEA;2;CMS;AVMET;0;
M;MCAD;2;;AVMET;0;
M;MUTI;2;;AVMET;0;
M;FUNINTBPC;2;;AVMET;0;
M;FUNPBLGEN;2;;AVMET;0;
M;FUNPITGEN;2;;AVMET;0;
M;FUNMGGGEN;2;;AVMET;0;
M;MACA;2;;AVMET;0;
M;FUNMST6;2;;AVMET;0;
M;FUNMST7;2;;AVMET;0;
M;FUNMST8;2;;AVMET;0;
M;FUNSPT6;2;;AVMET;0;
M;GESCOR;2;CMS;AVMET;0;
M;GESMST;2;CMSGH;AVMET;0;
M;GESRRS;2;CMS;AVMET;0;
M;GESRSE;2;CMS;AVMET;2;AVIA1
M;GESSPT;2;CMSG;AVMET;0;
M;MMKA;2;;AVMET;0;
M;GESCCC;2;CMS;AVMET;2;AVIA1
M;GESOMR;2;CMS;AVMET;0;
M;GESSCP;2;CMS;AVMET;2;AVIA1
M;MHDA;2;;AVMET;0;
M;GESCOT;2;CMS;AVMET;0;
M;GESFLY;2;CMS;AVMET;2;AVIA1
M;GESHOI;2;CMS;AVMET;0;
M;GESPBL;2;CMS;AVMET;0;
M;GESPDB;2;CMS;AVMET;0;
M;GESQUE;2;CMS;AVMET;0;
M;FUNCON6;2;;AVMET;0;
M;GESHTMMAI;2;CMS;AVMET;0;
M;MDRCO;2;;AVMET;0;
M;COURDEV;2;;AVMET;0;
M;GESABN;2;CMS;AVMET;0;
M;GESAIN;2;CMS;AVMET;0;
M;GESALB;2;CMS;AVMET;0;
M;GESATU;2;CMS;AVMET;0;
M;GESPOS;2;CMS;AVMET;0;
M;GESTCO;2;CMS;AVMET;0;
M;GESTCU;2;CMS;AVMET;0;
M;GESTCY;2;CMS;AVMET;0;
M;GESTLA;2;CMS;AVMET;0;
M;GESTUN;2;CMS;AVMET;0;
M;GESFCC;2;CMSN;AVMET;0;
M;GESFRT;2;CMSN;AVMET;0;
M;GESNTG;2;CMS;AVMET;0;
M;MTAXE;2;;AVMET;0;
M;GESTVB;2;CMSN;AVMET;0;
M;GESTVC;2;CMSN;AVMET;0;
M;GESTVI;2;CMSN;AVMET;0;
M;GESTVT;2;CMS;AVMET;0;
M;MDTRS;2;;AVMET;0;
M;GESGCU;2;CMS;AVMET;0;
M;GESBAN;2;CMS;AVMET;2;AVIA1
M;GESBGR;2;CMS;AVMET;0;
M;GESCAI;2;CMS;AVMET;2;AVIA1
M;GESCHB;2;CMS;AVMET;0;
M;GESPOO;2;CMS;AVMET;2;AVIA1
M;MENV;2;;AVMET;0;
M;MPRC;2;;AVMET;0;
M;MPACA;2;;AVMET;0;
M;GESDIHCRM;2;CMS;AVMET;0;
M;GESTWDCRM;2;CMS;AVMET;0;
M;MPMKA;2;;AVMET;0;
M;FUNMGG;2;;AVMET;0;
M;FUNMGG4;2;;AVMET;0;
M;GESFID;2;CMS;AVMET;0;
M;GESSSP;2;CMS;AVMET;0;
M;GESTGL;2;CMS;AVMET;0;
M;GESTGP;2;CMS;AVMET;0;
M;MPMKG;2;;AVMET;0;
M;GESMXL;2;CMS;AVMET;0;
M;MPSYN;2;;AVMET;0;
M;FUNSYD;2;;AVMET;0;
M;FUNSYD6;2;;AVMET;0;
M;FUNSYL;2;;AVMET;0;
M;GESSYP;2;CMS;AVMET;0;
M;MPTRS;2;;AVMET;0;
M;GESCMA;2;CMSN;AVMET;0;
M;GESCMD;2;CMSN;AVMET;0;
M;GESCMI;2;CMSN;AVMET;0;
M;GESCMS;2;CMSN;AVMET;0;
M;GESCBA;2;CMSN;AVMET;2;AVIA1
M;MPHDK;2;;AVMET;0;
M;FUNUOT1;2;;AVMET;0;
M;GESPEC;2;CMSN;AVMET;0;
M;PAPUR;2;;AVMET;0;
M;FUNTRAAXP;2;;AVMET;0;
M;GESMAT;2;CMS;AVMET;0;
M;GESPFI1;2;CMSN;AVMET;0;
M;GESSWA;2;CMS;AVMET;0;
M;PAPTY;2;;AVMET;0;
M;GESTPV2;2;CMS;AVMET;0;
M;GESTPN;2;CMS;AVMET;0;
M;PAPUT;2;;AVMET;0;
M;FUNPPCACT;2;;AVMET;0;
M;GESPPC;2;CMS;AVMET;0;
M;GESPPR;2;CMS;AVMET;0;
M;GESPRS;2;CMS;AVMET;0;
M;TRPUR;2;;AVMET;0;
M;GESMDLA;2;CMSN;AVMET;0;
M;GESMGLA;2;CMSN;AVMET;0;
M;GESMRLA;2;CMSN;AVMET;0;
M;GESPTA;2;CMSN;AVMET;0;
M;GESPTC;2;CMSN;AVMET;0;
M;GESPTD;2;CMSN;AVMET;0;
M;GESPTE;2;CMSN;AVMET;0;
M;GESPTF;2;CMSN;AVMET;0;
M;GESPTN;2;CMSN;AVMET;0;
M;GESPTR;2;CMSN;AVMET;0;
M;GESPTT;2;CMSN;AVMET;0;
M;PACPT;2;;AVMET;0;
M;GESCLS;2;CMS;AVMET;0;
M;GESGTE;2;CMSN;AVMET;0;
M;PAINT;2;;AVMET;0;
M;CMPGAU;2;;AVMET;0;
M;GESCAC;2;CMS;AVMET;0;
M;GESCDE;2;CMS;AVMET;0;
M;GESGAU;2;CMS;AVMET;0;
M;GESGRA;2;CMS;AVMET;0;
M;GESGVA;2;CMS;AVMET;0;
M;GESGVG;2;CMS;AVMET;0;
M;GESBTC;2;CMS;AVMET;0;
M;GESCCL;2;CMS;AVMET;0;
M;GESGCO;2;CMS;AVMET;0;
M;UTILEG;2;;AVMET;2;AVIA1
M;GESTFOLEG;2;CMS;AVMET;0;
M;PACPA;2;;AVMET;0;
M;GESBUP;2;CMS;AVMET;0;
M;GESBUV;2;CMS;AVMET;0;
M;GESDTP;2;CMS;AVMET;0;
M;GESTBU;2;CMSN;AVMET;0;
M;PACPG;2;;AVMET;0;
M;GESCLC;2;CMS;AVMET;0;
M;GESCSF;2;CMSN;AVMET;0;
M;GESDAD;2;CMS;AVMET;0;
M;GESGAF;2;CMSN;AVMET;0;
M;GESPDM;2;CMS;AVMET;0;
M;GESTXS;2;CMS;AVMET;0;
M;MEADL;2;;AVMET;0;
M;GESADLK;2;CMSN;AVMET;0;
M;GESADLV;2;CMSN;AVMET;0;
M;MEGEN;2;;AVMET;0;
M;FUNBCH;2;;AVMET;0;
M;GESCDI;2;CMS;AVMET;0;
M;GESCOA;2;CMS;AVMET;0;
M;GESDIE;2;CMS;AVMET;0;
M;GESGCM;2;CMS;AVMET;0;
M;GESLED;2;CMS;AVMET;0;
M;GESAGF;2;CMS;AVMET;0;
M;GESCPY;2;CMS;AVMET;0;
M;GESFCY;2;CMS;AVMET;2;AVIA1
M;MEIMP;2;;AVMET;0;
M;GESAIA;2;CMSN;AVMET;0;
M;GESAIM;2;CMSN;AVMET;0;
M;GESARC;2;CMSN;AVMET;0;
M;GESARE;2;CMS;AVMET;0;
M;GESARV;2;CMS;AVMET;0;
M;GESARX;2;CMS;AVMET;0;
M;MEPGE;2;;AVMET;0;
M;ADPVAL;2;;AVMET;0;
M;COMBOS;2;;AVMET;0;
M;GESACL;2;CMS;AVMET;0;
M;GESADG;2;CMS;AVMET;0;
M;GESADS;2;CMS;AVMET;0;
M;GESAOP;2;CMS;AVMET;0;
M;GESASY;2;CMS;AVMET;0;
M;GESGTC;2;CMSN;AVMET;0;
M;GESTFO;2;CMS;AVMET;0;
M;MEPGC;2;;AVMET;0;
M;GESANM;2;CMS;AVMET;0;
M;GESTCA;2;CMS;AVMET;0;
M;MEPGD;2;;AVMET;0;
M;ADILNG;2;;AVMET;0;
M;GESADI2;2;CMSN;AVMET;0;
M;MPERS;2;;AVMET;0;
M;AVOCAB;2;;AVMET;0;
M;GESAOC;2;CMS;AVMET;0;
M;MPERE;2;;AVMET;0;
M;APRSMSK;2;;AVMET;0;
M;CODACC;2;;AVMET;0;
M;CODCTL;2;;AVMET;0;
M;GESASL;2;CMS;AVMET;0;
M;GESAYP;2;CMS;AVMET;0;
M;MEPGT;2;;AVMET;0;
M;GESTPV;2;CMS;AVMET;0;
M;GESTSV;2;CMS;AVMET;0;
M;METDI;2;z;AVMET;0;
M;LTPAR;2;CMS;AVMET;2;AVIA1
M;MBACT;2;;AVMET;0;
M;ABATPAR;2;;AVMET;0;
M;GESABC;2;CMS;AVMET;0;
M;GESABH;2;CMS;AVMET;0;
M;MDIMP;2;;AVMET;0;
M;GESALH;2;CMSN;AVMET;0;
M;AIMP;2;;AVMET;0;
M;GESALQ;2;CMSN;AVMET;0;
M;ARCVISU;2;CMS;AVMET;0;
M;GESALT;2;CMSN;AVMET;0;
M;ARCVISUOBJ;2;CMS;AVMET;0;
M;EXEALH;2;;AVMET;2;AVIA1
M;EXEALHGRP;2;;AVMET;0;
M;GIMP;2;;AVMET;0;
M;LECTRACE;2;S;AVMET;0;
M;PSIMP;2;K;AVMET;0;
M;MDON;2;;AVMET;0;
M;APARHIS;2;;AVMET;0;
M;GESANX;2;CMS;AVMET;0;
M;MEXP;2;;AVMET;0;
M;GESAEN;2;CMS;AVMET;0;
M;GESAEV;2;CMSN;AVMET;0;
M;GESAOE;2;CMSN;AVMET;0;
M;GESAOR;2;CMS;AVMET;0;
M;GIMPEXPPAR;2;;AVMET;0;
M;MSTAT;2;;AVMET;0;
M;GESPS1;2;CMS;AVMET;0;
M;GESPS2;2;CMSN;AVMET;0;
M;MSEPP;2;;AVMET;0;
M;CONSSET;2;;AVMET;0;
M;GESSER;2;CMS;AVMET;0;
M;SEPAR;2;CMS;AVMET;0;
M;MEUSR;2;;AVMET;0;
M;GESACS;2;CMS;AVMET;0;
M;GESAFP;2;CMS;AVMET;0;
M;GESAFT;2;CMSA;AVMET;0;
M;GESAME;2;CMS;AVMET;0;
M;GESANU;2;CMSNP;AVMET;0;
M;GESAPN;2;CMS;AVMET;0;
M;GESARL;2;CMS;AVMET;0;
M;GESAUS;2;CMSNAP;AVMET;0;
M;GESAYH;2;CMS;AVMET;0;
M;MEWFL;2;;AVMET;0;
M;GESAWA;2;CMSN;AVMET;0;
M;GESAWR;2;CMS;AVMET;0;
M;GESAWU;2;CMSU;AVMET;0;
M;GESAWV;2;CMS;AVMET;0;
M;GESAWW;2;CMS;AVMET;0;
M;GESAWX;2;CMSN;AVMET;0;
M;SAIWRKMAN;2;;AVMET;2;AVIA1
M;PAPTL;2;;AVMET;0;
M;GESAIT;2;CMS;AVMET;0;
M;GESAPO;2;CMS;AVMET;0;
M;GESAPR;2;CMS;AVMET;0;
M;GESAPV;2;CMS;AVMET;0;
M;XX1JL;2;;AVMET;0;
M;PATRS;2;;AVMET;0;
M;GESCDA;2;CMSN;AVMET;0;
M;GESCFT;2;CMS;AVMET;2;AVIA1
M;GESIDP;2;CMS;AVMET;0;
M;GESTED;2;CMS;AVMET;0;
M;GESTPY;2;CMSN;AVMET;0;
M;PAEDI;2;;AVMET;0;
M;GESEDM;2;CMS;AVMET;0;
M;GESEDP;2;CMS;AVMET;0;
M;GESEDS;2;CMS;AVMET;0;
M;PECR;2;;AVMET;0;
M;GESGBS;2;CMSN;AVMET;0;
M;GESGBSH;2;CMSN;AVMET;0;
M;GESGDS;2;CMSN;AVMET;0;
M;GESGFP;2;CMSN;AVMET;0;
M;PEXS;2;;AVMET;0;
M;GESEXM;2;CMS;AVMET;0;
M;GESTES;2;CMS;AVMET;0;
M;PFIC;2;;AVMET;0;
M;GESTFB;2;CMS;AVMET;0;
M;PREL;2;;AVMET;0;
M;GESFGP;2;CMS;AVMET;0;
M;GESFPT;2;CMS;AVMET;0;
M;ECOMM;2;;AVMET;0;
M;ECMLINK;2;;AVMET;0;
M;PASAL;2;;AVMET;0;
M;FUNTRAAXS;2;;AVMET;0;
M;GESSFI1;2;CMS;AVMET;0;
M;PASAT;2;;AVMET;0;
M;FUNSPCACT;2;;AVMET;0;
M;GESPRSS;2;CMS;AVMET;0;
M;GESSPC;2;CMS;AVMET;0;
M;GESSPR;2;CMS;AVMET;0;
M;PASTY;2;;AVMET;0;
M;GESTRE;2;CMS;AVMET;0;
M;GESTSD;2;CMS;AVMET;0;
M;GESTSO;2;CMS;AVMET;0;
M;GESTSQ;2;CMS;AVMET;0;
M;GESTSV2;2;CMS;AVMET;0;
M;TRSAL;2;;AVMET;0;
M;GESSLA;2;CMSN;AVMET;0;
M;GESSLC;2;CMSN;AVMET;0;
M;GESSLD;2;CMSN;AVMET;0;
M;GESSLI;2;CMSN;AVMET;0;
M;GESSLL;2;CMSN;AVMET;0;
M;GESSLO;2;CMSN;AVMET;0;
M;GESSLQ;2;CMSN;AVMET;0;
M;GESSLR;2;CMSN;AVMET;0;
M;GESSLS;2;CMSN;AVMET;0;
M;MCFG;2;;AVMET;0;
M;CFGTCT;2;;AVMET;0;
M;FUNCFGUTI;2;;AVMET;0;
M;FUNDEF;2;;AVMET;0;
M;GESCFG;2;CMSN;AVMET;2;AVIA1
M;GESCFM;2;CMS;AVMET;0;
M;GESCOV;2;CMSN;AVMET;0;
M;GESCQU;2;CMS;AVMET;0;
M;GESCSE;2;CMSN;AVMET;0;
M;GESCSH;2;CMS;AVMET;0;
M;VISUCFG;2;;AVMET;0;
M;MCFGA;2;;AVMET;0;
M;GESCAB;2;CMS;AVMET;0;
M;GESCAD;2;CMS;AVMET;0;
M;PASTO;2;;AVMET;0;
M;FUNSTORUL;2;;AVMET;0;
M;GESPAS;2;CMS;AVMET;2;AVIA1
M;GESPCB;2;CMS;AVMET;2;AVIA1
M;GESPPA;2;CMS;AVMET;2;AVIA1
M;GESPTO;2;CMS;AVMET;0;
M;GESSTE;2;CMS;AVMET;2;AVIA1
M;GESTCM;2;CMS;AVMET;0;
M;GESTRU;2;CMS;AVMET;0;
M;GESICV;2;CMS;AVMET;0;
M;GESTSG;2;CMS;AVMET;0;
M;TRSTO;2;;AVMET;0;
M;FUNSTKTRS;2;;AVMET;0;
M;GESPBY;2;CMSN;AVMET;0;
M;GESPRE;2;CMSN;AVMET;0;
M;GESPRT;2;CMSN;AVMET;0;
M;GESSCT;2;CMSN;AVMET;0;
M;GESSLT;2;CMSN;AVMET;0;
M;GESSNP;2;CMSN;AVMET;0;
M;GESSOT;2;CMSN;AVMET;0;
M;GESSPK;2;CMSN;AVMET;0;
M;GESSQT;2;CMSN;AVMET;0;
M;GESSRG;2;CMSN;AVMET;0;
M;GESSRO;2;CMSN;AVMET;0;
M;GESSRT;2;CMSN;AVMET;0;
M;GESPTR2;2;CMSN;AVMET;0;
M;GESSLD2;2;CMSN;AVMET;0;
M;PAMFG;2;;AVMET;0;
M;GESDIH;2;CMS;AVMET;0;
M;GESPJA;2;CMS;AVMET;2;AVIA1
M;GESPWA;2;CMS;AVMET;0;
M;GESTUVM;2;CMS;AVMET;0;
M;GESTWD;2;CMS;AVMET;0;
M;TRMFG;2;;AVMET;0;
M;GESMCL;2;CMSN;AVMET;0;
M;GESMFL;2;CMSN;AVMET;0;
M;GESMIL;2;CMSN;AVMET;0;
M;GESMML;2;CMSN;AVMET;0;
M;GESMOL;2;CMSN;AVMET;0;
M;GESMPL;2;CMSN;AVMET;0;
M;GESMRE;2;CMSN;AVMET;0;
M;GESMTL;2;CMSN;AVMET;0;
M;GESMDL;2;CMSN;AVMET;0;
M;GESMGL;2;CMSN;AVMET;0;
M;GESMRL;2;CMSN;AVMET;0;
M;FUNTRAAXX;2;;AVMET;0;
M;MEXFA;2;;AVMET;0;
M;GESCNX;2;CMS;AVMET;2;AVIA1
M;GESDPM;2;CMSN;AVMET;2;AVIA1
M;GESFRF;2;CMS;AVMET;2;AVIA1
M;GESLDA;2;CMS;AVMET;0;
M;GESLGT;2;CMS;AVMET;0;
M;GESRDE;2;CMSN;AVMET;2;AVIA1
M;GESTPE;2;CMSN;AVMET;0;
M;GESTSH;2;CMSN;AVMET;0;
M;GESTZL;2;CMS;AVMET;0;
M;MIMP;2;;AVMET;0;
M;RPT01;2;;AVMET;0;
M;RPT02;2;;AVMET;2;AVIA1
M;GIMPF;2;;AVMET;0;
M;MFRPT;2;;AVMET;0;
M;RPTF5;2;;AVMET;2;AVIA1
M;RPTF6;2;;AVMET;2;AVIA1
M;RPTF7;2;;AVMET;2;AVIA1
M;RPTF8;2;;AVMET;2;AVIA1
M;RPTF9;2;;AVMET;2;AVIA1
M;RPTF1;2;;AVMET;2;AVIA1
M;RPTF2;2;;AVMET;2;AVIA1
M;RPTF3;2;;AVMET;2;AVIA1
M;RPTF4;2;;AVMET;2;AVIA1
M;GIMPV;2;;AVMET;0;
M;RPT12;2;;AVMET;2;AVIA1
M;RPT13;2;;AVMET;2;AVIA1
M;RPT14;2;;AVMET;2;AVIA1
M;RPT15;2;;AVMET;2;AVIA1
M;RPT16;2;;AVMET;2;AVIA1
M;GIMPS;2;;AVMET;0;
M;RPT25;2;;AVMET;2;AVIA1
M;RPT26;2;;AVMET;2;AVIA1
M;RPT27;2;;AVMET;2;AVIA1
M;RPT28;2;;AVMET;2;AVIA1
M;RPT29;2;;AVMET;2;AVIA1
M;GIMPP;2;;AVMET;0;
M;RPT31;2;;AVMET;2;AVIA1
M;RPT32;2;;AVMET;2;AVIA1
M;RPT33;2;;AVMET;2;AVIA1
M;RPT34;2;;AVMET;2;AVIA1
M;RPT35;2;;AVMET;2;AVIA1
M;GIMPA;2;;AVMET;0;
M;RPT18;2;;AVMET;2;AVIA1
M;RPT19;2;;AVMET;2;AVIA1
M;RPT20;2;;AVMET;2;AVIA1
M;RPT21;2;;AVMET;2;AVIA1
M;RPT22;2;;AVMET;2;AVIA1
M;GIMPM;2;;AVMET;0;
M;RPT23;2;;AVMET;2;AVIA1
M;RPT24;2;;AVMET;2;AVIA1
M;GIMPC;2;;AVMET;0;
M;RPT03;2;;AVMET;2;AVIA1
M;RPT04;2;;AVMET;2;AVIA1
M;RPT06;2;;AVMET;2;AVIA1
M;RPT08;2;;AVMET;2;AVIA1
M;RPT05;2;;AVMET;2;AVIA1
M;RPT09;2;;AVMET;2;AVIA1
M;RPT10;2;;AVMET;2;AVIA1
M;RPT11;2;;AVMET;2;AVIA1
M;RPT5M;2;;AVMET;2;AVIA1
M;RPT64;2;;AVMET;2;AVIA1
M;RPT68;2;;AVMET;2;AVIA1
M;RPT6M;2;;AVMET;2;AVIA1
M;RPT60;2;;AVMET;2;AVIA1
M;RPT6F;2;;AVMET;2;AVIA1
M;MPUR;2;;AVMET;0;
M;MPTAR;2;;AVMET;0;
M;FUNACHPPSI;2;;AVMET;2;AVIA1
M;GESPPL;2;CMS;AVMET;0;
M;MPSUP;2;;AVMET;0;
M;FUNDBENCHA;2;AMJP;AVMET;2;AVIA1
M;FUNGBENCHA;2;AMJ;AVMET;2;AVIA1
M;FUNMPICKA;2;;AVMET;2;AVIA1
M;MPREQ;2;;AVMET;0;
M;GESPSH;2;CM;AVMET;2;AVIA1
M;MPRQS;2;;AVMET;0;
M;FUNPSH;2;U;AVMET;2;AVIA1
M;FUNPSH2;2;U;AVMET;2;AVIA1
M;MPQUO;2;;AVMET;0;
M;FUNPPD3;2;;AVMET;2;AVIA1
M;FUNREL;2;;AVMET;2;AVIA1
M;GESPPD;2;CMS;AVMET;2;AVIA1
M;GESPQH;2;CMS;AVMET;2;AVIA1
M;MPSCO;2;;AVMET;0;
M;FUNTEOALL;2;;AVMET;2;AVIA1
M;FUNTEOCLO;2;;AVMET;2;AVIA1
M;FUNTEODESA;2;;AVMET;2;AVIA1
M;GESSCO;2;CMSA;AVMET;2;AVIA1
M;MPORD;2;;AVMET;0;
M;FUNCLEAR;2;;AVMET;2;AVIA1
M;FUNPNS;2;;AVMET;0;
M;FUNPOHW;2;;AVMET;2;AVIA1
M;GESPOC;2;CMS;AVMET;2;AVIA1
M;GESPOD;2;CMST;AVMET;2;AVIA1
M;GESPOH;2;;AVMET;2;AVIA1
M;GESPOI;2;CMS;AVMET;2;AVIA1
M;GESPOV;2;CMS;AVMET;2;AVIA1
M;MSHIP;2;;AVMET;0;
M;GESCTRH;2;CMS;AVMET;0;
M;GESPPTS;2;CMS;AVMET;0;
M;GESSHIP;2;CMS;AVMET;0;
M;GESTRNP;2;CMS;AVMET;0;
M;MPRCP;2;;AVMET;0;
M;GESPPTO;2;CMS;AVMET;2;AVIA1
M;GESPTH2;2;CMSTKL;AVMET;2;AVIA1
M;MPINV;2;;AVMET;0;
M;FUNPIH;2;U;AVMET;2;AVIA1
M;GESPIH;2;CMSVEUI;AVMET;2;AVIA1
M;MPRET;2;;AVMET;0;
M;FUNPNHTRT;2;;AVMET;2;AVIA1
M;GESBOLP;2;CMS;AVMET;2;AVIA1
M;GESPNH;2;CMSVK;AVMET;2;AVIA1
M;MPCNS;2;;AVMET;0;
M;CONSBPSI;2;;AVMET;0;
M;CONSPIA;2;PSCTF;AVMET;2;AVIA1
M;MPCNC;2;;AVMET;0;
M;CONSCPO;2;;AVMET;2;AVIA1
M;CONSCPP;2;;AVMET;2;AVIA1
M;CONSSSC;2;;AVMET;2;AVIA1
M;FUNGRHPO;2;;AVMET;2;AVIA1
M;MPCND;2;;AVMET;0;
M;CONSCPD;2;;AVMET;2;AVIA1
M;MPCNE;2;;AVMET;0;
M;CONSALLA;2;;AVMET;2;AVIA1
M;CONSSCM;2;;AVMET;2;AVIA1
M;CONSSHTA;2;;AVMET;2;AVIA1
M;MPCNF;2;;AVMET;0;
M;CONSCPI;2;;AVMET;2;AVIA1
M;CONSCPJ;2;;AVMET;2;AVIA1
M;FUNGRHPI;2;;AVMET;2;AVIA1
M;FUNGRHPI2;2;;AVMET;2;AVIA1
M;MPCNI;2;;AVMET;0;
M;CONSSHIPD;2;;AVMET;2;AVIA1
M;CONSTRN;2;;AVMET;2;AVIA1
M;MPCNR;2;;AVMET;0;
M;CONSCPR;2;;AVMET;2;AVIA1
M;CONSCPS;2;;AVMET;2;AVIA1
M;FUNGRHPR;2;;AVMET;2;AVIA1
M;MPCNZ;2;;AVMET;0;
M;CONSCPN;2;;AVMET;2;AVIA1
M;CONSCPQ;2;;AVMET;2;AVIA1
M;FUNGRHPN;2;;AVMET;2;AVIA1
M;FUNGRHPN2;2;;AVMET;2;AVIA1
M;MPUTI;2;;AVMET;0;
M;FUNBPSMVT;2;;AVMET;2;AVIA1
M;FUNSCOMVT;2;;AVMET;2;AVIA1
M;FUNUTICMM;2;;AVMET;2;AVIA1
M;FUNUTIPOC;2;;AVMET;0;
M;MTDI;2;;AVMET;0;
M;SAIWRKPLN;2;GAU;AVMET;0;
M;AHISTO;2;;AVMET;0;
M;DVBAT;2;;AVMET;0;
M;VALPCE;2;;AVMET;0;
M;AREQUETE;2;U;AVMET;0;
M;EXERQT;2;U;AVMET;0;
M;GESABA;2;CMSNU;AVMET;0;
M;GESABG;2;CMSN;AVMET;0;
M;GESABT;2;CMSN;AVMET;0;
M;DVIEX;2;;AVMET;0;
M;GESAOW;2;CMS;AVMET;0;
M;GEXPENCH;2;;AVMET;0;
M;GEXPOBJ;2;T;AVMET;0;
M;GIMPENCH;2;;AVMET;0;
M;GIMPOBJ;2;T;AVMET;0;
M;IMPORTV3;2;;AVMET;0;
M;DVSTA;2;;AVMET;0;
M;CONSSTA;2;N;AVMET;2;AVIA1
M;SAISTA;2;;AVMET;2;AVIA1
M;VALSTA;2;;AVMET;2;AVIA1
M;MAUD;2;;AVMET;0;
M;CONSESR;2;;AVMET;0;
M;CONSALO;2;;AVMET;0;
M;CONSAUD;2;;AVMET;0;
M;CONSAUH;2;;AVMET;0;
M;MMOUL;2;;AVMET;0;
M;AMOULIN;2;;AVMET;0;
M;GESAM3;2;CMS;AVMET;0;
M;MUSER;2;;AVMET;0;
M;CHGDAT;2;;AVMET;0;
M;CHXPERSO;2;;AVMET;0;
M;PASSE;2;;AVMET;0;
M;MCON;2;;AVMET;0;
M;GESPIT;2;CMS;AVMET;0;
M;MSCM;2;;AVMET;0;
M;MSCMA;2;;AVMET;0;
M;GESSZP;2;CMS;AVMET;0;
M;SCMAINT;2;;AVMET;0;
M;MAPS;2;;AVMET;0;
M;MORO;2;;AVMET;0;
M;GESORO;2;CMS;AVMET;0;
M;OROINT;2;;AVMET;2;AVIA1
M;MORP;2;;AVMET;0;
M;GESORP;2;CMS;AVMET;0;
M;ORPINT;2;;AVMET;2;AVIA1
M;MMES;2;;AVMET;0;
M;GESMES;2;CMS;AVMET;0;
M;MESINT;2;;AVMET;0;
M;MMMS;2;;AVMET;0;
M;GESMMS;2;CMS;AVMET;0;
M;MMSINT;2;;AVMET;0;
M;MPLM;2;;AVMET;0;
M;GESPLM;2;CMS;AVMET;0;
M;PLMINT;2;;AVMET;0;
M;MRPA;2;;AVMET;0;
M;GESRPA;2;CMS;AVMET;0;
M;RPAINT;2;;AVMET;0;
M;GESXNC;2;CMS;AVMET;0;
M;GESXTL;2;CMS;AVMET;0;
M;X4EQUIPE;2;;AVMET;0;
M;X4TPSVAL;2;;AVMET;0;
M;CONSXCT;2;;AVMET;0;
M;X4TPSASUP;2;;AVMET;0;
M;XX1JQ;2;;AVMET;0;
M;GESXX1JQXIN;2;M;AVMET;0;
M;GESXX1JMMO;2;CMS;AVMET;0;
M;XX1JMPM;2;;AVMET;0;
M;GESXX1JMTUN;2;CMS;AVMET;0;
M;CPTA;2;;AVMET;0;
M;CCONS;2;;AVMET;0;
M;CONSBAF;2;;AVMET;2;AVIA1
M;CONSBAL;2;;AVMET;2;AVIA1
M;CONSBSE;2;;AVMET;2;AVIA1
M;CONSCPT;2;;AVMET;2;AVIA1
M;CONSNAT;2;;AVMET;2;AVIA1
M;CONSPCE;2;;AVMET;2;AVIA1
M;CONSSEC;2;;AVMET;2;AVIA1
M;EDITBLA;2;;AVMET;2;AVIA1
M;CPBUD;2;;AVMET;0;
M;BIMAJBUD;2;;AVMET;0;
M;BUDCOP;2;;AVMET;2;AVIA1
M;BUDGET;2;;AVMET;2;AVIA1
M;CMMREP;2;;AVMET;2;AVIA1
M;GESBDO;2;CMS;AVMET;2;AVIA1
M;GESBUC;2;CMS;AVMET;2;AVIA1
M;CPUTI;2;;AVMET;0;
M;UTIEN;2;;AVMET;0;
M;OPNFIY;2;;AVMET;2;AVIA1
M;OPNPER;2;;AVMET;2;AVIA1
M;SIMULFINEX;2;;AVMET;2;AVIA1
M;UTICLOPER;2;;AVMET;2;AVIA1
M;UTILE;2;;AVMET;0;
M;UTIFIYPER;2;;AVMET;2;AVIA1
M;UTIGNRLED;2;;AVMET;2;AVIA1
M;UTIMI;2;;AVMET;0;
M;BPRMERGE;2;;AVMET;2;AVIA1
M;GACMERGE;2;;AVMET;2;AVIA1
M;TRFSAC;2;U;AVMET;2;AVIA1
M;VATSAI;2;U;AVMET;2;AVIA1
M;VERFEURO;2;;AVMET;0;
M;UTIRE;2;;AVMET;0;
M;RECBAL;2;;AVMET;2;AVIA1
M;RECBLA;2;;AVMET;2;AVIA1
M;RECBLM;2;;AVMET;2;AVIA1
M;RECBLQ;2;;AVMET;2;AVIA1
M;RECECT;2;;AVMET;2;AVIA1
M;RECENG;2;;AVMET;2;AVIA1
M;RECHDU;2;;AVMET;2;AVIA1
M;RECLET;2;;AVMET;2;AVIA1
M;RECPYRACC;2;;AVMET;0;
M;RECPYRCCE;2;;AVMET;0;
M;RECSOL;2;;AVMET;2;AVIA1
M;INTF;2;;AVMET;0;
M;BNKTRSIMP;2;;AVMET;0;
M;EXPBAL;2;;AVMET;2;AVIA1
M;EXPCASDUD;2;;AVMET;2;AVIA1
M;EXPCASPAY;2;;AVMET;2;AVIA1
M;EXPCONSO;2;;AVMET;2;AVIA1
M;LIA;2;;AVMET;0;
M;BALCONSO;2;;AVMET;2;AVIA1
M;CPCSF;2;;AVMET;0;
M;GESCSRH;2;CMS;AVMET;0;
M;TDBOR;2;;AVMET;0;
M;GESTXW;2;CMS;AVMET;2;AVIA1
M;TXSGRP;2;;AVMET;2;AVIA1
M;MTC;2;;AVMET;0;
M;DELETTRAGE;2;;AVMET;2;AVIA1
M;LETTRAGE;2;;AVMET;2;AVIA1
M;LETTRAUTO;2;;AVMET;2;AVIA1
M;SPCE;2;;AVMET;0;
M;GESCMM;2;CMS;AVMET;2;AVIA1
M;GESGAS;2;CMST;AVMET;2;AVIA1
M;GESGIC;2;CMSV;AVMET;2;AVIA1
M;GESLOT;2;CMST;AVMET;2;AVIA1
M;TRTF;2;;AVMET;0;
M;CPTANA;2;U;AVMET;2;AVIA1
M;CPTCLP;2;U;AVMET;2;AVIA1
M;CPTDSPANA;2;U;AVMET;2;AVIA1
M;CPTDUM;2;;AVMET;2;AVIA1
M;CPTEXT;2;U;AVMET;2;AVIA1
M;CPTINTCPY;2;U;AVMET;2;AVIA1
M;CPTLOT;2;U;AVMET;2;AVIA1
M;CPTVAL;2;U;AVMET;2;AVIA1
M;ABT;2;;AVMET;0;
M;SOLABT;2;U;AVMET;2;AVIA1
M;VALABT;2;U;AVMET;2;AVIA1
M;TRSIM;2;;AVMET;0;
M;CPTACTSIM;2;U;AVMET;2;AVIA1
M;CPTANUSIM;2;U;AVMET;2;AVIA1
M;CPTDESSIM;2;U;AVMET;2;AVIA1
M;CPTVALSIM;2;U;AVMET;2;AVIA1
M;TRTP;2;;AVMET;0;
M;CNVECAR;2;;AVMET;2;AVIA1
M;CPTSVC;2;;AVMET;2;AVIA1
M;FIYEND;2;;AVMET;2;AVIA1
M;FUNAUTFAE;2;;AVMET;2;AVIA1
M;FUNPNH;2;;AVMET;2;AVIA1
M;FUNPTH;2;;AVMET;2;AVIA1
M;GTRS;2;;AVMET;0;
M;TCONS;2;;AVMET;0;
M;CONSBAG;2;;AVMET;2;AVIA1
M;CONSBAGF;2;;AVMET;2;AVIA1
M;CONSBAH;2;;AVMET;2;AVIA1
M;CONSBAHF;2;;AVMET;2;AVIA1
M;CONSBAN;2;;AVMET;2;AVIA1
M;CONSBTR;2;;AVMET;2;AVIA1
M;CONSCHQ;2;;AVMET;0;
M;CONSFAC;2;;AVMET;2;AVIA1
M;CONSPAY;2;;AVMET;2;AVIA1
M;CONSPIT;2;PSCTF;AVMET;2;AVIA1
M;MEXS;2;;AVMET;0;
M;EXSGEN;2;U;AVMET;2;AVIA1
M;GESEXS;2;CMS1;AVMET;2;AVIA1
M;TRSCH;2;;AVMET;0;
M;ANURBK;2;;AVMET;2;AVIA1
M;BANREC;2;;AVMET;2;AVIA1
M;DEPOINTAGE;2;;AVMET;2;AVIA1
M;GESRLK;2;CMS;AVMET;0;
M;POINTAGE;2;;AVMET;2;AVIA1
M;RAPBAN;2;;AVMET;2;AVIA1
M;RELBANK;2;;AVMET;0;
M;UTICHK;2;;AVMET;2;AVIA1
M;TRSDO;2;;AVMET;0;
M;GENAVIDOM;2;U;AVMET;2;AVIA1
M;GESPAB;2;CMSVFT;AVMET;2;AVIA1
M;RAPLCRAUT;2;;AVMET;2;AVIA1
M;RAPLCRMAN;2;;AVMET;2;AVIA1
M;RELLCR;2;;AVMET;2;AVIA1
M;REPLCR;2;;AVMET;2;AVIA1
M;TRSDU;2;;AVMET;0;
M;BPCREDIT;2;;AVMET;0;
M;BPCREDITD;2;;AVMET;0;
M;BPOINET;2;;AVMET;2;AVIA1
M;FUNTRTCFO;2;;AVMET;0;
M;GESCFO;2;CMS;AVMET;2;AVIA1
M;GESFUP;2;CMS;AVMET;2;AVIA1
M;GESREL;2;CMSVJ;AVMET;2;AVIA1
M;IPTACPTCLI;2;;AVMET;2;AVIA1
M;IPTACPTFOU;2;;AVMET;2;AVIA1
M;MODECHE;2;EBT;AVMET;2;AVIA1
M;MODECHE2;2;EBT;AVMET;2;AVIA1
M;TRSFC;2;;AVMET;0;
M;CPTQUIT;2;;AVMET;2;AVIA1
M;DELQUIT;2;;AVMET;2;AVIA1
M;GENFIC;2;;AVMET;2;AVIA1
M;GENQUIT;2;;AVMET;2;AVIA1
M;NTFQUIT;2;;AVMET;2;AVIA1
M;SAIFCT;2;;AVMET;2;AVIA1
M;TRSIN;2;;AVMET;0;
M;BPCVAL;2;U;AVMET;2;AVIA1
M;BPRICRE;2;CS;AVMET;2;AVIA1
M;BPSVAL;2;U;AVMET;2;AVIA1
M;GESBIC;2;CMSVE;AVMET;2;AVIA1
M;GESBICI;2;CMSVE;AVMET;2;AVIA1
M;GESBIS;2;CMSVE;AVMET;2;AVIA1
M;GESBISI;2;CMSVE;AVMET;2;AVIA1
M;GESRCC;2;CMS;AVMET;2;AVIA1
M;GESRCS;2;CMS;AVMET;2;AVIA1
M;VALBIS;2;U;AVMET;2;AVIA1
M;TRSPY;2;;AVMET;0;
M;BANAFFA;2;U;AVMET;2;AVIA1
M;BANAFFM;2;U;AVMET;2;AVIA1
M;GESPAY;2;CMSAVTLO;AVMET;2;AVIA1
M;GESPPY;2;;AVMET;0;
M;IMPAYE;2;;AVMET;2;AVIA1
M;PAYMEP;2;GU;AVMET;2;AVIA1
M;PAYPROPAL;2;;AVMET;2;AVIA1
M;PROROG;2;;AVMET;2;AVIA1
M;PROROGC;2;;AVMET;2;AVIA1
M;REMBAN;2;GU;AVMET;2;AVIA1
M;RETACC;2;;AVMET;2;AVIA1
M;VALPORT;2;;AVMET;2;AVIA1
M;TRSRE;2;;AVMET;0;
M;FICMAG;2;;AVMET;2;AVIA1
M;GENBORREM;2;U;AVMET;2;AVIA1
M;GESFRM;2;CMSVFT;AVMET;2;AVIA1
M;REMCPT;2;GU;AVMET;2;AVIA1
M;MSAL;2;;AVMET;0;
M;MSALL;2;;AVMET;0;
M;FUNAUTALL;2;;AVMET;2;AVIA1
M;FUNBPCALL;2;;AVMET;2;AVIA1
M;FUNDESALL;2;;AVMET;2;AVIA1
M;FUNMANALL;2;;AVMET;2;AVIA1
M;MSCNS;2;;AVMET;0;
M;CONSPIV;2;PSCTF;AVMET;2;AVIA1
M;CONSCOL2;2;;AVMET;2;AVIA1
M;CONSPRH2;2;;AVMET;2;AVIA1
M;MSCNA;2;;AVMET;0;
M;CONSALLS;2;;AVMET;2;AVIA1
M;CONSSHTS;2;;AVMET;2;AVIA1
M;MSCNC;2;;AVMET;0;
M;CONSCSG2;2;;AVMET;0;
M;CONSCSO;2;;AVMET;2;AVIA1
M;CONSCSP;2;;AVMET;2;AVIA1
M;FUNGRHSOH1;2;;AVMET;2;AVIA1
M;FUNGRHSOH2;2;;AVMET;2;AVIA1
M;MSCND;2;;AVMET;0;
M;CONSCSL;2;;AVMET;2;AVIA1
M;CONSCSQ;2;;AVMET;2;AVIA1
M;FUNGRHSQH1;2;;AVMET;2;AVIA1
M;FUNGRHSQH2;2;;AVMET;2;AVIA1
M;FUNGRHSQH3;2;;AVMET;2;AVIA1
M;MSCNF;2;;AVMET;0;
M;CONSCSI;2;;AVMET;2;AVIA1
M;CONSCST;2;;AVMET;2;AVIA1
M;FUNGRHSIH1;2;;AVMET;2;AVIA1
M;FUNGRHSIH2;2;;AVMET;2;AVIA1
M;FUNGRHSIH3;2;;AVMET;2;AVIA1
M;MSCNL;2;;AVMET;0;
M;CONSCSD;2;;AVMET;2;AVIA1
M;CONSCSF;2;;AVMET;2;AVIA1
M;CONSCSG;2;;AVMET;0;
M;FUNGRHSDH1;2;;AVMET;2;AVIA1
M;MSCNR;2;;AVMET;0;
M;CONSCSN;2;;AVMET;2;AVIA1
M;CONSCSR;2;;AVMET;2;AVIA1
M;FUNGRHSDH2;2;;AVMET;2;AVIA1
M;MSDLV;2;;AVMET;0;
M;FUNAUTDLV;2;;AVMET;2;AVIA1
M;FUNCFMDLV;2;;AVMET;2;AVIA1
M;FUNPREDLV;2;;AVMET;2;AVIA1
M;GESBOLS;2;CMS;AVMET;2;AVIA1
M;GESSDH;2;;AVMET;2;AVIA1
M;MSINV;2;;AVMET;0;
M;FUNAUTINVC;2;;AVMET;2;AVIA1
M;FUNAUTINVD;2;;AVMET;2;AVIA1
M;FUNAUTINVO;2;;AVMET;2;AVIA1
M;FUNAUTINVS;2;;AVMET;2;AVIA1
M;FUNAUTINVSCH;2;;AVMET;2;AVIA1
M;FUNAUTINVT;2;;AVMET;2;AVIA1
M;FUNCFMINV;2;U;AVMET;2;AVIA1
M;FUNEMIINS;2;;AVMET;0;
M;MSORD;2;;AVMET;0;
M;FUNSNS;2;;AVMET;0;
M;GESSOH;2;CMSPLFADRI;AVMET;2;AVIA1
M;GESSOQ;2;CMSA;AVMET;2;AVIA1
M;GESSOR;2;CMS;AVMET;2;AVIA1
M;GESSOV;2;CMS;AVMET;2;AVIA1
M;MSQUO;2;;AVMET;0;
M;GESSQH;2;CMSP;AVMET;2;AVIA1
M;MSRET;2;;AVMET;0;
M;GESSRH;2;CMSK;AVMET;2;AVIA1
M;GESSRL;2;CMSK;AVMET;2;AVIA1
M;GESSRS;2;CMSK;AVMET;2;AVIA1
M;MSTAR;2;;AVMET;0;
M;FUNSPCINC;2;;AVMET;2;AVIA1
M;FUNVENSPSI;2;;AVMET;0;
M;GESSNE;2;CMS;AVMET;0;
M;GESSPL;2;CMS;AVMET;0;
M;GESSPP;2;CMS;AVMET;0;
M;MSUTI;2;;AVMET;0;
M;FUNBPCMVT;2;;AVMET;2;AVIA1
M;FUNSSTENT;2;;AVMET;0;
M;MSPR2;2;;AVMET;0;
M;FUNAUTPRE2;2;;AVMET;2;AVIA1
M;FUNPKD2;2;;AVMET;2;AVIA1
M;FUNPKP2;2;;AVMET;2;AVIA1
M;FUNPREP2;2;;AVMET;2;AVIA1
M;GESPRH2;2;;AVMET;2;AVIA1
M;FISDE;2;;AVMET;0;
M;VATST;2;;AVMET;0;
M;RFI60;2;;AVMET;2;AVIA1
M;MOTHS;2;;AVMET;0;
M;GESVTB;2;CMS;AVMET;0;
M;MOTHP;2;;AVMET;0;
M;DCLESD;2;;AVMET;2;AVIA1
M;DCLVATOTH;2;;AVMET;2;AVIA1
M;MFEE;2;;AVMET;0;
M;FOTH;2;;AVMET;0;
M;RFI64;2;;AVMET;2;AVIA1
M;GESTFT;2;CMS;AVMET;0;
M;PACPF;2;;AVMET;0;
M;RFI68;2;;AVMET;2;AVIA1
M;DAS2;2;;AVMET;0;
M;HONLINANN;2;;AVMET;2;AVIA1
M;HONLINEXT;2;;AVMET;2;AVIA1
M;SUBHLN;2;;AVMET;2;AVIA1
M;TDSCTL;2;;AVMET;2;AVIA1
M;TDSGENE;2;;AVMET;2;AVIA1
M;FFRAS;2;;AVMET;0;
M;GESFTD;2;CMS;AVMET;0;
M;GESPRM;2;CMS;AVMET;0;
M;MAUDF;2;;AVMET;0;
M;MAPOR;2;;AVMET;0;
M;APORP;2;;AVMET;0;
M;FUNSAFTEXT;2;;AVMET;0;
M;APORS;2;;AVMET;0;
M;GESVCL;2;CMS;AVMET;0;
M;MFAE;2;;AVMET;0;
M;AFRAP;2;;AVMET;0;
M;FAEINT;2;;AVMET;0;
M;AFRAS;2;;AVMET;0;
M;GESFAE;2;CMS;AVMET;0;
M;MDEB;2;;AVMET;0;
M;MDDEB;2;;AVMET;0;
M;MDEBP;2;;AVMET;0;
M;FUNDEB;2;;AVMET;2;AVIA1
M;GESDEB;2;CMS;AVMET;0;
M;MDEBS;2;;AVMET;0;
M;GESDRN;2;CMS;AVMET;0;
M;GESTEC;2;CMSN;AVMET;0;
M;GESTSC;2;CMSN;AVMET;0;
M;MOTHD;2;;AVMET;0;
M;MDMW;2;;AVMET;0;
M;MDMWP;2;;AVMET;0;
M;DMWBAT;2;CMS;AVMET;0;
M;DMWPA;2;;AVMET;0;
M;CONSDMWD;2;;AVMET;0;
M;CONSDMWG;2;;AVMET;0;
M;DMWPD;2;;AVMET;0;
M;CONSDMWDD;2;;AVMET;0;
M;CONSDMWGD;2;;AVMET;0;
M;MDMWS;2;;AVMET;0;
M;GESDMWBPREX;2;CMS;AVMET;0;
M;GESDMWPAORD;2;CMS;AVMET;0;
M;GESDMWPPA;2;CMS;AVMET;0;
M;GESDMWQUOTA;2;CMS;AVMET;0;
M;GESDMWSC;2;CMS;AVMET;0;
M;MPRP;2;;AVMET;0;
M;MPJM;2;;AVMET;0;
M;GESPJM;2;CMS;AVMET;2;AVIA1
M;GESPSO;2;CMS;AVMET;2;AVIA1
M;PJMACTAFCP;2;;AVMET;0;
M;PJMFINOV0;2;;AVMET;0;
M;PJMRPTEXT;2;;AVMET;2;AVIA1
M;PJMSOQSYN;2;;AVMET;2;AVIA1
M;PJMTE;2;CMS;AVMET;2;AVIA1
M;MCST;2;;AVMET;0;
M;MCSCC;2;;AVMET;0;
M;MCMFC;2;;AVMET;0;
M;CALSCOCOST;2;;AVMET;2;AVIA1
M;FUNWIPSCO;2;;AVMET;2;AVIA1
M;GESPWI;2;CMS;AVMET;2;AVIA1
M;GESSCC;2;CMS;AVMET;2;AVIA1
M;GESSCCP;2;CMS;AVMET;2;AVIA1
M;GESMFC;2;CMS;AVMET;2;AVIA1
M;CALMFGCOST;2;;AVMET;2;AVIA1
M;FUNWIPBOM;2;;AVMET;2;AVIA1
M;FUNWIPMFC;2;;AVMET;2;AVIA1
M;GESMFCP;2;CMS;AVMET;2;AVIA1
M;GESMWI;2;CMS;AVMET;2;AVIA1
M;MCANA;2;;AVMET;0;
M;COMPCOUT;2;;AVMET;2;AVIA1
M;COMPCOUTM;2;;AVMET;2;AVIA1
M;GESHIC;2;CMS;AVMET;2;AVIA1
M;GESHIM;2;CMS;AVMET;2;AVIA1
M;MCDIV;2;;AVMET;0;
M;COPYCOUT;2;;AVMET;2;AVIA1
M;FUNPURWIP;2;;AVMET;0;
M;MCENC;2;;AVMET;0;
M;FUNWIPACC;2;;AVMET;2;AVIA1
M;ORDWIPVAL;2;;AVMET;2;AVIA1
M;MCICC;2;;AVMET;0;
M;CALCSTBUD;2;;AVMET;2;AVIA1
M;CALCSTCUT;2;;AVMET;2;AVIA1
M;CALCSTSIM;2;;AVMET;2;AVIA1
M;CALCSTSTD;2;;AVMET;2;AVIA1
M;CALCSTUPD;2;;AVMET;2;AVIA1
M;MSTO;2;;AVMET;0;
M;GESCWRH;2;CMS;AVMET;2;AVIA1
M;GESECS;2;CMS;AVMET;0;
M;MSCUN;2;;AVMET;0;
M;CONSSBII;2;;AVMET;2;AVIA1
M;CONSSCI;2;;AVMET;2;AVIA1
M;CONSSII;2;;AVMET;2;AVIA1
M;GESSNL;2;M;AVMET;2;AVIA1
M;GESSNX;2;;AVMET;2;AVIA1
M;MSETI;2;;AVMET;0;
M;MSEXT;2;;AVMET;0;
M;FUNLBEIMP;2;;AVMET;0;
M;GESPTH;2;CMSTKL;AVMET;2;AVIA1
M;FUNPKE;2;;AVMET;0;
M;GESSIS;2;CMSD;AVMET;2;AVIA1
M;GESSMO;2;CMSK;AVMET;2;AVIA1
M;GESSMR;2;CKMS;AVMET;2;AVIA1
M;GESSST;2;CMS;AVMET;2;AVIA1
M;GESSTR;2;CMS;AVMET;2;AVIA1
M;MLIVR;2;;AVMET;0;
M;GESSDH2;2;;AVMET;2;AVIA1
M;FUNAUTDLV2;2;;AVMET;2;AVIA1
M;FUNCFMDLV2;2;;AVMET;2;AVIA1
M;FUNPREDLV2;2;;AVMET;2;AVIA1
M;MSINQ;2;;AVMET;0;
M;MCEM;2;;AVMET;0;
M;CONSSEA;2;;AVMET;2;AVIA1
M;CONSSED;2;;AVMET;2;AVIA1
M;CONSSOE;2;;AVMET;2;AVIA1
M;MCQU;2;;AVMET;0;
M;CONSSH3;2;;AVMET;0;
M;CONSSHQ;2;;AVMET;2;AVIA1
M;CONSSRF;2;;AVMET;0;
M;MCRE;2;;AVMET;0;
M;CONSSCBPD;2;;AVMET;2;AVIA1
M;CONSSCBCB;2;;AVMET;2;AVIA1
M;MSINA;2;;AVMET;0;
M;CONSORD7;2;;AVMET;2;AVIA1
M;CONSSBI;2;;AVMET;2;AVIA1
M;CONSSHS;2;;AVMET;2;AVIA1
M;MSINL;2;;AVMET;0;
M;CONSSAD;2;;AVMET;2;AVIA1
M;CONSSAG;2;;AVMET;2;AVIA1
M;CONSSMQ;2;;AVMET;2;AVIA1
M;MSINM;2;;AVMET;0;
M;CONSSAT;2;;AVMET;2;AVIA1
M;CONSSMA;2;;AVMET;0;
M;CONSSMJ;2;;AVMET;2;AVIA1
M;CONSSMV;2;;AVMET;2;AVIA1
M;CONSSTK;2;;AVMET;0;
M;XX1JTRA;2;;AVMET;0;
M;MSINS;2;;AVMET;0;
M;CONSSAR;2;;AVMET;2;AVIA1
M;CONSSBP;2;;AVMET;2;AVIA1
M;CONSSDA;2;;AVMET;2;AVIA1
M;CONSSDE;2;;AVMET;2;AVIA1
M;CONSSDI;2;;AVMET;2;AVIA1
M;CONSSDO;2;;AVMET;2;AVIA1
M;CONSSFC;2;;AVMET;2;AVIA1
M;CONSSLO;2;;AVMET;2;AVIA1
M;CONSSPE;2;;AVMET;2;AVIA1
M;CONSSPR;2;;AVMET;2;AVIA1
M;CONSSSE;2;;AVMET;2;AVIA1
M;CONSSXT;2;;AVMET;2;AVIA1
M;MSINT;2;;AVMET;0;
M;FUNCALREO;2;;AVMET;2;AVIA1
M;FUNREO;2;;AVMET;2;AVIA1
M;FUNSSL;2;;AVMET;2;AVIA1
M;GESBBY;2;CMSK;AVMET;2;AVIA1
M;GESDBY;2;CMSK;AVMET;2;AVIA1
M;GESSCS;2;CMS;AVMET;2;AVIA1
M;MSMTO;2;;AVMET;0;
M;FUNMAUTMTO;2;;AVMET;2;AVIA1
M;FUNMDESMTO;2;;AVMET;2;AVIA1
M;FUNMLINK;2;AMJ;AVMET;2;AVIA1
M;MSPAC;2;;AVMET;0;
M;CONSCOL;2;;AVMET;2;AVIA1
M;FUNPKD;2;;AVMET;2;AVIA1
M;FUNPKE2;2;;AVMET;0;
M;FUNPKP;2;;AVMET;2;AVIA1
M;MSPER;2;;AVMET;0;
M;FUNCPTITH;2;;AVMET;2;AVIA1
M;FUNSHTSEL;2;CMS;AVMET;2;AVIA1
M;FUNSTKA;2;;AVMET;2;AVIA1
M;MSPUR;2;;AVMET;0;
M;FUNPURSUGA;2;;AVMET;2;AVIA1
M;FUNSTPE;2;;AVMET;2;AVIA1
M;FUNSTPI;2;;AVMET;2;AVIA1
M;FUNSTPL;2;;AVMET;0;
M;FUNSTPQ;2;;AVMET;2;AVIA1
M;FUNSTPT;2;;AVMET;2;AVIA1
M;FUNSTPU;2;;AVMET;2;AVIA1
M;MSVAL;2;;AVMET;0;
M;FUNSTKACC;2;;AVMET;2;AVIA1
M;FUNSTKADJ;2;;AVMET;2;AVIA1
M;FUNSTVA;2;;AVMET;2;AVIA1
M;MSPRE;2;;AVMET;0;
M;CONSPRH;2;;AVMET;2;AVIA1
M;FUNAUTPREP;2;;AVMET;2;AVIA1
M;FUNPREP;2;;AVMET;2;AVIA1
M;GESPRH;2;CMSLG;AVMET;2;AVIA1
M;MSQUA;2;;AVMET;0;
M;FUNSTOLTI;2;;AVMET;2;AVIA1
M;FUNSTOP;2;;AVMET;2;AVIA1
M;GESQCR;2;CMS;AVMET;2;AVIA1
M;GESSTQ;2;CMSQ;AVMET;2;AVIA1
M;MSLOT;2;;AVMET;0;
M;FUNSMU;2;;AVMET;2;AVIA1
M;FUNSMXUPD;2;;AVMET;2;AVIA1
M;GESSLM;2;CMS;AVMET;2;AVIA1
M;GESSMX;2;CMS;AVMET;2;AVIA1
M;MSREO;2;;AVMET;0;
M;FUNMRP;2;;AVMET;2;AVIA1
M;FUNSTKB;2;;AVMET;2;AVIA1
M;GESORZS;2;CMS;AVMET;2;AVIA1
M;MSSYN;2;;AVMET;0;
M;FUNLOCS;2;;AVMET;2;AVIA1
M;FUNSTOR;2;;AVMET;2;AVIA1
M;FUNSTOWIPW;2;;AVMET;0;
M;FUNSYNCW;2;;AVMET;2;AVIA1
M;FUNSYNREO;2;;AVMET;0;
M;FUNSYNSRG;2;;AVMET;0;
M;MSSYV;2;;AVMET;0;
M;FUNCHGVAL;2;;AVMET;2;AVIA1
M;FUNIPTD;2;;AVMET;2;AVIA1
M;VXADC;2;;AVMET;0;
M;VXASP;2;;AVMET;0;
M;VXASS;2;;AVMET;2;AVIA1
M;VXADI;2;;AVMET;0;
M;VXABP;2;;AVMET;0;
M;VXACC;2;;AVMET;0;
M;VXAIT;2;;AVMET;0;
M;VXALR;2;;AVMET;0;
M;VXAMO;2;;AVMET;0;
M;VXAMR;2;;AVMET;0;
M;VXASC;2;;AVMET;0;
M;VXAST;2;;AVMET;0;
M;VXASY;2;;AVMET;0;
M;VXBDI;2;;AVMET;0;
M;VXBIT;2;;AVMET;0;
M;VXBMO;2;;AVMET;0;
M;VXBSC;2;;AVMET;0;
M;VXBST;2;;AVMET;0;
M;VXCNS;2;;AVMET;0;
M;VXCAS;2;;AVMET;0;
M;VXCEM;2;;AVMET;0;
M;VXADM;2;;AVMET;0;
M;VXAMT;2;;AVMET;0;
M;VXAOT;2;;AVMET;0;
M;VXAPT;2;;AVMET;0;
M;VXADS;2;;AVMET;0;
M;VXBRKI;2;;AVMET;0;
M;VXBRKO;2;;AVMET;0;
M;VXECI;2;;AVMET;0;
M;VXECO;2;;AVMET;0;
M;VXELP;2;;AVMET;0;
M;VXINDI;2;;AVMET;0;
M;VXINDO;2;;AVMET;0;
M;VXRUNI;2;;AVMET;0;
M;VXRUNO;2;;AVMET;0;
M;VXSETI;2;;AVMET;0;
M;VXSETO;2;;AVMET;0;
M;VXBMT;2;;AVMET;0;
M;MMFG;2;;AVMET;0;
M;MMANL;2;;AVMET;0;
M;FUNANL;2;;AVMET;2;AVIA1
M;FUNMANL;2;;AVMET;2;AVIA1
M;FUNWANL;2;;AVMET;2;AVIA1
M;MMAUT;2;;AVMET;0;
M;FUNMAUTF;2;;AVMET;2;AVIA1
M;FUNMAUTO;2;;AVMET;2;AVIA1
M;FUNMAUTR;2;;AVMET;2;AVIA1
M;FUNMAUTS;2;;AVMET;2;AVIA1
M;FUNMIWL;2;;AVMET;2;AVIA1
M;FUNPURSUG;2;;AVMET;2;AVIA1
M;MMAUA;2;;AVMET;0;
M;FUNMAUTA;2;;AVMET;2;AVIA1
M;FUNMDESA;2;;AVMET;2;AVIA1
M;MMAUJ;2;;AVMET;0;
M;FUNMAUTD;2;;AVMET;2;AVIA1
M;FUNMAUTJ;2;;AVMET;2;AVIA1
M;MMAUO;2;;AVMET;0;
M;FUNMAUTM;2;;AVMET;2;AVIA1
M;FUNMAUTP;2;;AVMET;2;AVIA1
M;FUNMAUTRE;2;;AVMET;2;AVIA1
M;FUNMAUTSU;2;;AVMET;2;AVIA1
M;MMINQ;2;;AVMET;0;
M;CONSMFG;2;;AVMET;2;AVIA1
M;CONSSST;2;;AVMET;2;AVIA1
M;MMINA;2;;AVMET;0;
M;CONSALLG;2;;AVMET;2;AVIA1
M;CONSSHTG;2;;AVMET;2;AVIA1
M;MMINC;2;;AVMET;0;
M;CONSMWK;2;;AVMET;2;AVIA1
M;FUNGLOAD;2;;AVMET;2;AVIA1
M;MMINE;2;;AVMET;0;
M;CONSOPX;2;;AVMET;2;AVIA1
M;CONSORD;2;;AVMET;2;AVIA1
M;MMINR;2;;AVMET;0;
M;CONSSCBCB1;2;;AVMET;2;AVIA1
M;CONSSCBPD1;2;;AVMET;2;AVIA1
M;MMINS;2;;AVMET;0;
M;CONSSDI1;2;;AVMET;2;AVIA1
M;CONSSPR1;2;;AVMET;2;AVIA1
M;MMINV;2;;AVMET;0;
M;CONSMKI;2;;AVMET;2;AVIA1
M;CONSMKM;2;;AVMET;2;AVIA1
M;CONSMKO;2;;AVMET;2;AVIA1
M;CONSSHO;2;;AVMET;2;AVIA1
M;GESTKI;2;CMS;AVMET;2;AVIA1
M;CNSXTPS;2;;AVMET;0;
M;MMPLN;2;;AVMET;0;
M;FUNDBENCH;2;AMJP;AVMET;2;AVIA1
M;FUNGBENCH;2;AMJ;AVMET;2;AVIA1
M;FUNMPICK;2;;AVMET;2;AVIA1
M;FUNMPS;2;;AVMET;2;AVIA1
M;FUNTDUMRP;2;;AVMET;2;AVIA1
M;FUNTDUOF;2;;AVMET;2;AVIA1
M;GESMFG;2;CMSAJ;AVMET;2;AVIA1
M;MULTIWOX;2;;AVMET;2;AVIA1
M;GESORZ;2;CMS;AVMET;2;AVIA1
M;MMPS;2;;AVMET;0;
M;FUNPSFDMAUPD;2;;AVMET;2;AVIA1
M;FUNPSMOPT;2;;AVMET;2;AVIA1
M;FUNPSSCH;2;PC;AVMET;2;AVIA1
M;FUNPSVIEW;2;V;AVMET;2;AVIA1
M;GESPOPSCV;2;CMS;AVMET;2;AVIA1
M;PSOPTFREE;2;;AVMET;2;AVIA1
M;MMTEC;2;;AVMET;0;
M;MMROU;2;;AVMET;0;
M;GESROT;2;CMS;AVMET;2;AVIA1
M;GESROU;2;CMS;AVMET;2;AVIA1
M;GESROW;2;CMS;AVMET;2;AVIA1
M;GESTRO;2;CMS;AVMET;2;AVIA1
M;VISUROUG;2;;AVMET;2;AVIA1
M;MMTDU;2;;AVMET;0;
M;COPYGAMME;2;;AVMET;2;AVIA1
M;FUNSTDTDU;2;;AVMET;2;AVIA1
M;FUNTDUCAP;2;;AVMET;2;AVIA1
M;FUNTDUPDR5;2;;AVMET;2;AVIA1
M;FUNTDUPDW;2;;AVMET;2;AVIA1
M;FUNTDUVAR;2;;AVMET;2;AVIA1
M;FUNTDUWST;2;;AVMET;2;AVIA1
M;SUPGAMME;2;;AVMET;2;AVIA1
M;ZPJAJROO;2;;AVMET;2;AVIA1
M;ZPJRPLROO;2;;AVMET;2;AVIA1
M;MMWCR;2;;AVMET;0;
M;GESMWS;2;CMS;AVMET;2;AVIA1
M;GESMWW;2;CMS;AVMET;2;AVIA1
M;GESTWC;2;CMS;AVMET;0;
M;MMTRK;2;;AVMET;0;
M;FUNBENCHI;2;;AVMET;2;AVIA1
M;FUNBENCHM;2;;AVMET;2;AVIA1
M;FUNBENCHO;2;;AVMET;2;AVIA1
M;FUNBENCHR;2;;AVMET;2;AVIA1
M;FUNBENCHT;2;;AVMET;2;AVIA1
M;FUNBENPLT;2;;AVMET;2;AVIA1
M;FUNMCLOSE;2;;AVMET;2;AVIA1
M;FUNMSITU;2;;AVMET;2;AVIA1
M;FUNTDUCLO;2;;AVMET;2;AVIA1
M;GESMTK;2;CMSK;AVMET;2;AVIA1
M;MMSFT;2;;AVMET;0;
M;FUNSFTEAC;2;;AVMET;0;
M;FUNSFTPOR;2;;AVMET;0;
M;FUNSFTVAL;2;;AVMET;2;AVIA1
M;MMUTI;2;;AVMET;0;
M;FUNMCOV;2;;AVMET;2;AVIA1
M;FUNMREACT;2;;AVMET;2;AVIA1
M;FUNSYNCO;2;;AVMET;2;AVIA1
M;ZBAROFCRIT;2;;AVMET;1;
M;MCRM;2;;AVMET;0;
M;FUNCRM9;2;;AVMET;0;
M;MMKG;2;;AVMET;0;
M;MACO;2;;AVMET;0;
M;FUNCRMAGD;2;;AVMET;0;
M;GESBAP;2;CMS;AVMET;2;AVIA1
M;GESCLL;2;CMS;AVMET;2;AVIA1
M;GESOPP;2;CMS;AVMET;2;AVIA1
M;GESTSK;2;CMS;AVMET;2;AVIA1
M;MCCNS;2;;AVMET;0;
M;CONSPIC;2;PSCTF;AVMET;2;AVIA1
M;MHDK;2;;AVMET;0;
M;FUNHDKAGD;2;;AVMET;0;
M;GESCON;2;CMSF;AVMET;2;AVIA1
M;GESITN;2;CMSK;AVMET;2;AVIA1
M;GESMAC;2;CMS;AVMET;2;AVIA1
M;GESRQW;2;CMS;AVMET;2;AVIA1
M;GESSOL;2;CMS;AVMET;0;
M;GESSRE;2;CMSGHKF;AVMET;2;AVIA1
M;MHCNS;2;;AVMET;0;
M;CONSCON;2;;AVMET;0;
M;CONSPIH;2;PSCTF;AVMET;2;AVIA1
M;FUNPLG;2;;AVMET;0;
M;GESCMG;2;CMS;AVMET;2;AVIA1
M;MPOPG;2;;AVMET;0;
M;GESOMM;2;CMS;AVMET;2;AVIA1
M;GESOMN;2;CMS;AVMET;2;AVIA1
M;GESOMP;2;CMS;AVMET;2;AVIA1
M;GESOMT;2;CMS;AVMET;2;AVIA1
M;MCUTI;2;;AVMET;0;
M;FUNCRMLCM;2;;AVMET;2;AVIA1
M;MFASM;2;;AVMET;0;
M;MFAS;2;;AVMET;0;
M;GESDPP;2;CMS;AVMET;2;AVIA1
M;GESFAS;2;CMSAGRTUVWZOP;AVMET;2;AVIA1
M;GESLOF;2;CMS4;AVMET;2;AVIA1
M;GESPLP;2;CMSN;AVMET;2;AVIA1
M;MFAST;2;;AVMET;0;
M;SAISTACPY;2;;AVMET;0;
M;MFSTM;2;;AVMET;0;
M;FASISSM;2;;AVMET;2;AVIA1
M;FASMTCM;2;;AVMET;2;AVIA1
M;FASSPLM;2;;AVMET;2;AVIA1
M;FASTRFCM;2;;AVMET;2;AVIA1
M;FASTRFM;2;AG;AVMET;2;AVIA1
M;LOFGRPFAS;2;;AVMET;2;AVIA1
M;MFSTR;2;;AVMET;0;
M;FASVATREG;2;;AVMET;2;AVIA1
M;FASVATRGG;2;;AVMET;2;AVIA1
M;LOFVATREG;2;;AVMET;2;AVIA1
M;MFSTA;2;;AVMET;0;
M;FASCALC;2;;AVMET;2;AVIA1
M;FASCLOTURE;2;;AVMET;2;AVIA1
M;FASFLXM;2;;AVMET;2;AVIA1
M;FASIMLM;2;;AVMET;2;AVIA1
M;FASRVAM;2;;AVMET;2;AVIA1
M;FASSIMU;2;;AVMET;2;AVIA1
M;MFSTC;2;;AVMET;0;
M;GESGPC;2;CMS;AVMET;2;AVIA1
M;TRTCPTINT;2;;AVMET;2;AVIA1
M;MFFXM;2;;AVMET;0;
M;FXDINT;2;;AVMET;2;AVIA1
M;GESFXM;2;CMS;AVMET;2;AVIA1
M;MFCNS;2;;AVMET;0;
M;CONSPIF;2;PSCTF;AVMET;2;AVIA1
M;CONSSIM;2;;AVMET;2;AVIA1
M;FAS246G;2;;AVMET;0;
M;FASENTRY;2;;AVMET;0;
M;FASEXIT;2;;AVMET;0;
M;FASLISTDEP;2;;AVMET;0;
M;MFIN;2;;AVMET;0;
M;MFSTS;2;;AVMET;0;
M;GESGRT;2;CMS;AVMET;2;AVIA1
M;GRACAL;2;;AVMET;2;AVIA1
M;MLOCF;2;;AVMET;0;
M;GESLEA;2;CMS;AVMET;2;AVIA1
M;LEAPAY;2;;AVMET;2;AVIA1
M;MINV;2;;AVMET;0;
M;PHYISSM;2;;AVMET;2;AVIA1
M;PHYTRFM;2;;AVMET;2;AVIA1
M;MFASC;2;;AVMET;0;
M;GESCIB;2;CMS;AVMET;0;
M;GESCIG;2;CMS;AVMET;0;
M;GESCII;2;CMS;AVMET;0;
M;GESCIS;2;CMS;AVMET;0;
M;GESCIT;2;CMS;AVMET;0;
M;MFSTU;2;;AVMET;0;
M;FASCNXSYNC;2;;AVMET;0;
M;GESREC;2;CMS;AVMET;0;
M;REPRISEAE;2;;AVMET;0;
M;UCREDEPCUM;2;;AVMET;0;
M;UDELPLN;2;;AVMET;0;
M;UMAJDEROG;2;;AVMET;0;
M;UMAJSUIV;2;;AVMET;0;
M;UPDWAITRT;2;CMS;AVMET;0;
M;X4TREGSUP;2;;AVMET;0;
M;GESBOD;2;CMS;AVMET;0;
M;GESBOS;2;CMS;AVMET;0;
M;GESXMA;2;CMSN;AVMET;0;
M;PJMACTTAS;2;1CMOS;AVMET;1;
M;RFIS;2;;AVMET;0;
M;DCLVATFRA;2;;AVMET;2;AVIA1
M;X4TPS;2;;AVMET;0;
M;VISUROUBOM;2;;AVMET;2;AVIA1
M;GESGDE;2;CMSN;AVMET;0;
M;GESTFC;2;CMS;AVMET;0;
M;RFI5M;2;;AVMET;2;AVIA1
M;RFI6M;2;;AVMET;0;
M;MFRA;2;;AVMET;0;
M;MOTH;2;;AVMET;0;
M;MUSA;2;;AVMET;0;
M;VXAPR;2;;AVMET;0;
M;GESXM2;2;CMSN;AVMET;0;
M;X4TVALITPG;2;;AVMET;0;
M;X4TVALITPS;2;;AVMET;0;